price,timestamp,Date
37852.24106522124,1701216000,2023-11-29 00:00:00
37258.896629467,1701129600,2023-11-28 00:00:00
37503.35221961845,1701043200,2023-11-27 00:00:00
37841.41142588171,1700956800,2023-11-26 00:00:00
37742.7740853525,1700870400,2023-11-25 00:00:00
37313.1083765346,1700784000,2023-11-24 00:00:00
37454.24701605759,1700697600,2023-11-23 00:00:00
35889.406070931356,1700611200,2023-11-22 00:00:00
37456.72788144362,1700524800,2023-11-21 00:00:00
37416.20032894883,1700438400,2023-11-20 00:00:00
36601.364676027544,1700352000,2023-11-19 00:00:00
36637.21840038631,1700265600,2023-11-18 00:00:00
36234.589079164216,1700179200,2023-11-17 00:00:00
37901.734789419075,1700092800,2023-11-16 00:00:00
35587.64349614453,1700006400,2023-11-15 00:00:00
36521.16487994273,1699920000,2023-11-14 00:00:00
37091.2968528049,1699833600,2023-11-13 00:00:00
37169.82484565354,1699747200,2023-11-12 00:00:00
37340.46362419479,1699660800,2023-11-11 00:00:00
36721.486221061125,1699574400,2023-11-10 00:00:00
35659.6699830175,1699488000,2023-11-09 00:00:00
35458.166025795465,1699401600,2023-11-08 00:00:00
35339.60565754542,1699315200,2023-11-07 00:00:00
35325.310256327895,1699228800,2023-11-06 00:00:00
35463.43921560105,1699142400,2023-11-05 00:00:00
34917.43488107542,1699056000,2023-11-04 00:00:00
35125.700985354706,1698969600,2023-11-03 00:00:00
35499.44985375782,1698883200,2023-11-02 00:00:00
34676.29667789536,1698796800,2023-11-01 00:00:00
34538.26911450796,1698710400,2023-10-31 00:00:00
34559.03049494985,1698624000,2023-10-30 00:00:00
34139.50276104392,1698537600,2023-10-29 00:00:00
33908.217935468325,1698451200,2023-10-28 00:00:00
34168.65088223227,1698364800,2023-10-27 00:00:00
34485.001384421,1698278400,2023-10-26 00:00:00
33930.19191436916,1698192000,2023-10-25 00:00:00
32949.99108601642,1698105600,2023-10-24 00:00:00
29947.37524183543,1698019200,2023-10-23 00:00:00
29904.03131364522,1697932800,2023-10-22 00:00:00
29671.814133938246,1697846400,2023-10-21 00:00:00
28648.98866109159,1697760000,2023-10-20 00:00:00
28385.243554982608,1697673600,2023-10-19 00:00:00
28462.304606129546,1697587200,2023-10-18 00:00:00
28531.76947262187,1697500800,2023-10-17 00:00:00
27210.84159921199,1697414400,2023-10-16 00:00:00
26987.683197039212,1697328000,2023-10-15 00:00:00
26930.679002534456,1697241600,2023-10-14 00:00:00
26852.563851876377,1697155200,2023-10-13 00:00:00
26897.53680617667,1697068800,2023-10-12 00:00:00
27435.191367971303,1696982400,2023-10-11 00:00:00
27684.05836951175,1696896000,2023-10-10 00:00:00
27687.764170732567,1696809600,2023-10-09 00:00:00
27676.47986962191,1696723200,2023-10-08 00:00:00
27941.898267444903,1696636800,2023-10-07 00:00:00
27445.647360193896,1696550400,2023-10-06 00:00:00
27797.851210153127,1696464000,2023-10-05 00:00:00
27424.417765125127,1696377600,2023-10-04 00:00:00
27535.616195141287,1696291200,2023-10-03 00:00:00
27907.995657418207,1696204800,2023-10-02 00:00:00
26991.866587455064,1696118400,2023-10-01 00:00:00
26915.94711913089,1696032000,2023-09-30 00:00:00
27029.076710751713,1695945600,2023-09-29 00:00:00
26354.265194024967,1695859200,2023-09-28 00:00:00
26209.154945974904,1695772800,2023-09-27 00:00:00
26317.340566459246,1695686400,2023-09-26 00:00:00
26442.25802935307,1695600000,2023-09-25 00:00:00
26717.829989859023,1695513600,2023-09-24 00:00:00
26652.43657432762,1695427200,2023-09-23 00:00:00
26616.21673707952,1695340800,2023-09-22 00:00:00
27149.54988623477,1695254400,2023-09-21 00:00:00
27240.2184031677,1695168000,2023-09-20 00:00:00
26832.200798465357,1695081600,2023-09-19 00:00:00
26702.620027496898,1694995200,2023-09-18 00:00:00
26826.49754713832,1694908800,2023-09-17 00:00:00
26705.419753835246,1694822400,2023-09-16 00:00:00
26596.770833493978,1694736000,2023-09-15 00:00:00
26273.169471179677,1694649600,2023-09-14 00:00:00
25920.218059513354,1694563200,2023-09-13 00:00:00
25271.235885332706,1694476800,2023-09-12 00:00:00
25994.99847333591,1694390400,2023-09-11 00:00:00
25938.813069959717,1694304000,2023-09-10 00:00:00
25944.653681451706,1694217600,2023-09-09 00:00:00
26131.50229396131,1694131200,2023-09-08 00:00:00
25799.830488077445,1694044800,2023-09-07 00:00:00
25887.20600019786,1693958400,2023-09-06 00:00:00
25831.291651148673,1693872000,2023-09-05 00:00:00
25993.342111400634,1693785600,2023-09-04 00:00:00
25892.37323187874,1693699200,2023-09-03 00:00:00
25992.117816464564,1693612800,2023-09-02 00:00:00
26114.004982184324,1693526400,2023-09-01 00:00:00
27386.893357625373,1693440000,2023-08-31 00:00:00
27791.28262089737,1693353600,2023-08-30 00:00:00
26219.46130823769,1693267200,2023-08-29 00:00:00
26286.86873322369,1693180800,2023-08-28 00:00:00
26254.418585184474,1693094400,2023-08-27 00:00:00
26103.71307317649,1693008000,2023-08-26 00:00:00
26295.84131200603,1692921600,2023-08-25 00:00:00
26478.463767545883,1692835200,2023-08-24 00:00:00
26057.38629343427,1692748800,2023-08-23 00:00:00
26205.15459607447,1692662400,2023-08-22 00:00:00
26422.851505069015,1692576000,2023-08-21 00:00:00
26295.784379195768,1692489600,2023-08-20 00:00:00
26215.985397025674,1692403200,2023-08-19 00:00:00
26784.644360994193,1692316800,2023-08-18 00:00:00
28805.017906420388,1692230400,2023-08-17 00:00:00
29203.692434373126,1692144000,2023-08-16 00:00:00
29402.93831773709,1692057600,2023-08-15 00:00:00
29265.3494068878,1691971200,2023-08-14 00:00:00
29437.401740583136,1691884800,2023-08-13 00:00:00
29405.104936682095,1691798400,2023-08-12 00:00:00
29430.020281653975,1691712000,2023-08-11 00:00:00
29564.88449900453,1691625600,2023-08-10 00:00:00
29771.604671485853,1691539200,2023-08-09 00:00:00
29176.688794906688,1691452800,2023-08-08 00:00:00
29028.669787001574,1691366400,2023-08-07 00:00:00
29084.712974827635,1691280000,2023-08-06 00:00:00
29084.600583378044,1691193600,2023-08-05 00:00:00
29186.985333207354,1691107200,2023-08-04 00:00:00
29159.39897685148,1691020800,2023-08-03 00:00:00
29609.073120306562,1690934400,2023-08-02 00:00:00
29228.83413697889,1690848000,2023-08-01 00:00:00
29272.622436698144,1690761600,2023-07-31 00:00:00
29378.04219352395,1690675200,2023-07-30 00:00:00
29326.37185811484,1690588800,2023-07-29 00:00:00
29202.238001586084,1690502400,2023-07-28 00:00:00
29372.633823995875,1690416000,2023-07-27 00:00:00
29233.153962344455,1690329600,2023-07-26 00:00:00
29187.614486992472,1690243200,2023-07-25 00:00:00
30050.35348250188,1690156800,2023-07-24 00:00:00
29824.82795120193,1690070400,2023-07-23 00:00:00
29920.16287576279,1689984000,2023-07-22 00:00:00
29825.83336350028,1689897600,2023-07-21 00:00:00
29933.81925915138,1689811200,2023-07-20 00:00:00
29862.811436962,1689724800,2023-07-19 00:00:00
30156.60391571558,1689638400,2023-07-18 00:00:00
30312.00618714578,1689552000,2023-07-17 00:00:00
30314.580459677592,1689465600,2023-07-16 00:00:00
30319.941481930957,1689379200,2023-07-15 00:00:00
31404.505073644727,1689292800,2023-07-14 00:00:00
30395.675333504674,1689206400,2023-07-13 00:00:00
30631.39509526272,1689120000,2023-07-12 00:00:00
30404.66592463829,1689033600,2023-07-11 00:00:00
30174.92620171971,1688947200,2023-07-10 00:00:00
30266.095774792226,1688860800,2023-07-09 00:00:00
30356.204016637577,1688774400,2023-07-08 00:00:00
29982.84974258799,1688688000,2023-07-07 00:00:00
30507.954286342665,1688601600,2023-07-06 00:00:00
30807.256338590283,1688515200,2023-07-05 00:00:00
31135.976929951343,1688428800,2023-07-04 00:00:00
30606.501719213695,1688342400,2023-07-03 00:00:00
30569.174168404574,1688256000,2023-07-02 00:00:00
30477.730559597527,1688169600,2023-07-01 00:00:00
30446.617252491324,1688083200,2023-06-30 00:00:00
30103.339552694135,1687996800,2023-06-29 00:00:00
30684.693707334445,1687910400,2023-06-28 00:00:00
30266.555270791283,1687824000,2023-06-27 00:00:00
30481.901825750985,1687737600,2023-06-26 00:00:00
30520.810997315475,1687651200,2023-06-25 00:00:00
30685.252363558437,1687564800,2023-06-24 00:00:00
29906.58243993704,1687478400,2023-06-23 00:00:00
30027.037763955377,1687392000,2023-06-22 00:00:00
28298.143697233707,1687305600,2023-06-21 00:00:00
26780.691673736874,1687219200,2023-06-20 00:00:00
26348.482903960652,1687132800,2023-06-19 00:00:00
26521.79586126197,1687046400,2023-06-18 00:00:00
26331.355960205936,1686960000,2023-06-17 00:00:00
25572.17982544709,1686873600,2023-06-16 00:00:00
25122.24089989238,1686787200,2023-06-15 00:00:00
25901.138917111497,1686700800,2023-06-14 00:00:00
25904.228664524133,1686614400,2023-06-13 00:00:00
25945.72751162634,1686528000,2023-06-12 00:00:00
25880.197843136666,1686441600,2023-06-11 00:00:00
26478.97694362013,1686355200,2023-06-10 00:00:00
26529.449767795322,1686268800,2023-06-09 00:00:00
26347.648326583738,1686182400,2023-06-08 00:00:00
27224.392001411332,1686096000,2023-06-07 00:00:00
25766.218940123916,1686009600,2023-06-06 00:00:00
27172.167963063188,1685923200,2023-06-05 00:00:00
27142.210088451742,1685836800,2023-06-04 00:00:00
27253.81294620784,1685750400,2023-06-03 00:00:00
26824.667184721522,1685664000,2023-06-02 00:00:00
27198.769567048632,1685577600,2023-06-01 00:00:00
27712.3680505751,1685491200,2023-05-31 00:00:00
27755.31766408371,1685404800,2023-05-30 00:00:00
28208.789443490226,1685318400,2023-05-29 00:00:00
27342.731698595362,1685232000,2023-05-28 00:00:00
26865.972735647007,1685145600,2023-05-27 00:00:00
26549.146389807192,1685059200,2023-05-26 00:00:00
26508.56011740873,1684972800,2023-05-25 00:00:00
27247.959112177854,1684886400,2023-05-24 00:00:00
26894.404306204062,1684800000,2023-05-23 00:00:00
26979.77079459674,1684713600,2023-05-22 00:00:00
27466.353076053132,1684627200,2023-05-21 00:00:00
26932.668366080023,1684540800,2023-05-20 00:00:00
26867.320820133427,1684454400,2023-05-19 00:00:00
27414.655605559805,1684368000,2023-05-18 00:00:00
27051.480523220314,1684281600,2023-05-17 00:00:00
27304.991903644022,1684195200,2023-05-16 00:00:00
27741.176835281607,1684108800,2023-05-15 00:00:00
27578.998533779704,1684022400,2023-05-14 00:00:00
26868.58930855009,1683936000,2023-05-13 00:00:00
27094.663954121093,1683849600,2023-05-12 00:00:00
27656.33056328297,1683763200,2023-05-11 00:00:00
27662.212374864794,1683676800,2023-05-10 00:00:00
27681.92388050043,1683590400,2023-05-09 00:00:00
28674.019536124662,1683504000,2023-05-08 00:00:00
28938.38075026966,1683417600,2023-05-07 00:00:00
29515.134988015096,1683331200,2023-05-06 00:00:00
28877.914010731543,1683244800,2023-05-05 00:00:00
29148.00879902051,1683158400,2023-05-04 00:00:00
28777.813720162332,1683072000,2023-05-03 00:00:00
28121.292332139277,1682985600,2023-05-02 00:00:00
29416.124425894308,1682899200,2023-05-01 00:00:00
29455.983426538198,1682812800,2023-04-30 00:00:00
29440.485370120634,1682726400,2023-04-29 00:00:00
29490.622094136837,1682640000,2023-04-28 00:00:00
28437.813084564386,1682553600,2023-04-27 00:00:00
28331.41716498495,1682467200,2023-04-26 00:00:00
27571.790411085312,1682380800,2023-04-25 00:00:00
27950.517467651596,1682294400,2023-04-24 00:00:00
27873.931484679924,1682208000,2023-04-23 00:00:00
27292.79709250695,1682121600,2023-04-22 00:00:00
28395.851612014972,1682035200,2023-04-21 00:00:00
29188.753973765055,1681948800,2023-04-20 00:00:00
30427.290275383308,1681862400,2023-04-19 00:00:00
29694.69254432894,1681776000,2023-04-18 00:00:00
30503.44338664709,1681689600,2023-04-17 00:00:00
30456.749925817283,1681603200,2023-04-16 00:00:00
30518.67261254506,1681516800,2023-04-15 00:00:00
30419.727306240955,1681430400,2023-04-14 00:00:00
29905.31756359447,1681344000,2023-04-13 00:00:00
30252.960077028994,1681257600,2023-04-12 00:00:00
29699.84395122933,1681171200,2023-04-11 00:00:00
28560.055329898056,1681084800,2023-04-10 00:00:00
28007.330356339153,1680998400,2023-04-09 00:00:00
28020.901630363835,1680912000,2023-04-08 00:00:00
28095.271563756563,1680825600,2023-04-07 00:00:00
28210.61279955132,1680739200,2023-04-06 00:00:00
28209.523420881178,1680652800,2023-04-05 00:00:00
27844.626856654188,1680566400,2023-04-04 00:00:00
28214.82380880046,1680480000,2023-04-03 00:00:00
28514.76276683153,1680393600,2023-04-02 00:00:00
28531.605781637525,1680307200,2023-04-01 00:00:00
28047.78193543794,1680220800,2023-03-31 00:00:00
28384.40652568327,1680134400,2023-03-30 00:00:00
27295.841051821604,1680048000,2023-03-29 00:00:00
27148.630381292623,1679961600,2023-03-28 00:00:00
28030.900882359467,1679875200,2023-03-27 00:00:00
27522.135129803915,1679788800,2023-03-26 00:00:00
27483.79416473377,1679702400,2023-03-25 00:00:00
28344.485878403964,1679616000,2023-03-24 00:00:00
27359.74419544271,1679529600,2023-03-23 00:00:00
28174.49429711143,1679443200,2023-03-22 00:00:00
27910.88251545464,1679356800,2023-03-21 00:00:00
28196.575101538758,1679270400,2023-03-20 00:00:00
27106.238742761463,1679184000,2023-03-19 00:00:00
27437.300407872033,1679097600,2023-03-18 00:00:00
25024.191152664884,1679011200,2023-03-17 00:00:00
24439.131194411533,1678924800,2023-03-16 00:00:00
24749.109097967346,1678838400,2023-03-15 00:00:00
24210.75417947049,1678752000,2023-03-14 00:00:00
21986.119322956398,1678665600,2023-03-13 00:00:00
20571.419516583886,1678579200,2023-03-12 00:00:00
20211.307218276812,1678492800,2023-03-11 00:00:00
20386.11472336544,1678406400,2023-03-10 00:00:00
21804.918318754106,1678320000,2023-03-09 00:00:00
22172.354020063758,1678233600,2023-03-08 00:00:00
22440.56821447126,1678147200,2023-03-07 00:00:00
22441.45484032046,1678060800,2023-03-06 00:00:00
22410.093604794132,1677974400,2023-03-05 00:00:00
22373.4350039817,1677888000,2023-03-04 00:00:00
23483.745408105067,1677801600,2023-03-03 00:00:00
23609.785883682664,1677715200,2023-03-02 00:00:00
23205.274331585588,1677628800,2023-03-01 00:00:00
23486.752417657724,1677542400,2023-02-28 00:00:00
23550.760055420833,1677456000,2023-02-27 00:00:00
23106.0109696048,1677369600,2023-02-26 00:00:00
23181.874477789268,1677283200,2023-02-25 00:00:00
23928.55441852451,1677196800,2023-02-24 00:00:00
24128.75977180786,1677110400,2023-02-23 00:00:00
24455.59374614498,1677024000,2023-02-22 00:00:00
24808.96123651401,1676937600,2023-02-21 00:00:00
24396.56591315289,1676851200,2023-02-20 00:00:00
24725.638886004217,1676764800,2023-02-19 00:00:00
24581.113643768607,1676678400,2023-02-18 00:00:00
23767.67029160884,1676592000,2023-02-17 00:00:00
24251.153675995614,1676505600,2023-02-16 00:00:00
22220.229308592323,1676419200,2023-02-15 00:00:00
21743.38959805822,1676332800,2023-02-14 00:00:00
21863.977057315333,1676246400,2023-02-13 00:00:00
21844.443514694267,1676160000,2023-02-12 00:00:00
21643.163378898458,1676073600,2023-02-11 00:00:00
21884.207001374773,1675987200,2023-02-10 00:00:00
22971.167861212056,1675900800,2023-02-09 00:00:00
23243.99728649324,1675814400,2023-02-08 00:00:00
22846.034213100353,1675728000,2023-02-07 00:00:00
22960.572016697115,1675641600,2023-02-06 00:00:00
23437.653777019023,1675555200,2023-02-05 00:00:00
23444.136305295906,1675468800,2023-02-04 00:00:00
23551.42525342391,1675382400,2023-02-03 00:00:00
23711.282683363133,1675296000,2023-02-02 00:00:00
23106.367763276987,1675209600,2023-02-01 00:00:00
22813.83063540092,1675123200,2023-01-31 00:00:00
23770.707406282785,1675036800,2023-01-30 00:00:00
23051.52688817389,1674950400,2023-01-29 00:00:00
23095.659600448733,1674864000,2023-01-28 00:00:00
23023.174259010288,1674777600,2023-01-27 00:00:00
23049.500823109127,1674691200,2023-01-26 00:00:00
22718.915168849417,1674604800,2023-01-25 00:00:00
22937.336817666313,1674518400,2023-01-24 00:00:00
22666.769558746375,1674432000,2023-01-23 00:00:00
22919.888356078467,1674345600,2023-01-22 00:00:00
22618.448992609727,1674259200,2023-01-21 00:00:00
21066.123702928122,1674172800,2023-01-20 00:00:00
20732.719400825652,1674086400,2023-01-19 00:00:00
21180.89564321747,1674000000,2023-01-18 00:00:00
21180.763126782625,1673913600,2023-01-17 00:00:00
20851.511353469068,1673827200,2023-01-16 00:00:00
20915.151767042615,1673740800,2023-01-15 00:00:00
19878.35837239463,1673654400,2023-01-14 00:00:00
18845.151126280532,1673568000,2023-01-13 00:00:00
17831.419064902362,1673481600,2023-01-12 00:00:00
17440.3309441872,1673395200,2023-01-11 00:00:00
17178.228072501053,1673308800,2023-01-10 00:00:00
17091.348560244733,1673222400,2023-01-09 00:00:00
16956.262946700983,1673136000,2023-01-08 00:00:00
16956.90016318666,1673049600,2023-01-07 00:00:00
16833.643667481087,1672963200,2023-01-06 00:00:00
16838.52988091907,1672876800,2023-01-05 00:00:00
16667.50465625054,1672790400,2023-01-04 00:00:00
16687.885225107402,1672704000,2023-01-03 00:00:00
16611.125122954774,1672617600,2023-01-02 00:00:00
16534.732819749825,1672531200,2023-01-01 00:00:00
16603.77775057341,1672444800,2022-12-31 00:00:00
16624.258093497403,1672358400,2022-12-30 00:00:00
16530.43150498131,1672272000,2022-12-29 00:00:00
16701.630646250003,1672185600,2022-12-28 00:00:00
16904.081333215832,1672099200,2022-12-27 00:00:00
16827.44019452971,1672012800,2022-12-26 00:00:00
16841.01511337779,1671926400,2022-12-25 00:00:00
16790.52124823332,1671840000,2022-12-24 00:00:00
16816.765213094124,1671753600,2022-12-23 00:00:00
16815.892198310612,1671667200,2022-12-22 00:00:00
16898.858233820552,1671580800,2022-12-21 00:00:00
16453.06436483681,1671494400,2022-12-20 00:00:00
16768.159486007775,1671408000,2022-12-19 00:00:00
16748.28262508078,1671321600,2022-12-18 00:00:00
16675.618987523572,1671235200,2022-12-17 00:00:00
17370.928468435995,1671148800,2022-12-16 00:00:00
17809.82561043399,1671062400,2022-12-15 00:00:00
17780.05044951595,1670976000,2022-12-14 00:00:00
17188.881249021368,1670889600,2022-12-13 00:00:00
17115.85098192828,1670803200,2022-12-12 00:00:00
17138.87784728394,1670716800,2022-12-11 00:00:00
17131.34896777201,1670630400,2022-12-10 00:00:00
17216.25765257134,1670544000,2022-12-09 00:00:00
16837.873452188443,1670457600,2022-12-08 00:00:00
17059.316125953224,1670371200,2022-12-07 00:00:00
16966.346161070578,1670284800,2022-12-06 00:00:00
17109.321672646925,1670198400,2022-12-05 00:00:00
16900.020407218995,1670112000,2022-12-04 00:00:00
17078.106110604764,1670025600,2022-12-03 00:00:00
16972.667976548582,1669939200,2022-12-02 00:00:00
17161.88159259827,1669852800,2022-12-01 00:00:00
16451.57408990099,1669766400,2022-11-30 00:00:00
16217.872169103452,1669680000,2022-11-29 00:00:00
16530.62643011088,1669593600,2022-11-28 00:00:00
16480.9943910512,1669507200,2022-11-27 00:00:00
16515.641509437184,1669420800,2022-11-26 00:00:00
16586.79911490752,1669334400,2022-11-25 00:00:00
16582.453733455663,1669248000,2022-11-24 00:00:00
16193.99634309047,1669161600,2022-11-23 00:00:00
15795.435558934225,1669075200,2022-11-22 00:00:00
16587.608897301365,1668988800,2022-11-21 00:00:00
16703.61740334436,1668902400,2022-11-20 00:00:00
16682.364874671577,1668816000,2022-11-19 00:00:00
16700.57228036568,1668729600,2022-11-18 00:00:00
16652.86300704758,1668643200,2022-11-17 00:00:00
16867.121951951725,1668556800,2022-11-16 00:00:00
16576.095006286447,1668470400,2022-11-15 00:00:00
16351.883820128262,1668384000,2022-11-14 00:00:00
16797.10130234182,1668297600,2022-11-13 00:00:00
16929.061098814323,1668211200,2022-11-12 00:00:00
17610.697741790675,1668124800,2022-11-11 00:00:00
15855.853574220106,1668038400,2022-11-10 00:00:00
18548.83487504349,1667952000,2022-11-09 00:00:00
20582.851201220084,1667865600,2022-11-08 00:00:00
21018.234733244237,1667779200,2022-11-07 00:00:00
21325.53805132186,1667692800,2022-11-06 00:00:00
21157.066225479477,1667606400,2022-11-05 00:00:00
20220.401734015737,1667520000,2022-11-04 00:00:00
20141.471291158414,1667433600,2022-11-03 00:00:00
20467.50812549817,1667347200,2022-11-02 00:00:00
20479.208967127473,1667260800,2022-11-01 00:00:00
20612.43386186972,1667174400,2022-10-31 00:00:00
20804.63928177286,1667088000,2022-10-30 00:00:00
20614.07264223981,1667001600,2022-10-29 00:00:00
20304.904402445696,1666915200,2022-10-28 00:00:00
20796.79440537108,1666828800,2022-10-27 00:00:00
20088.88949528977,1666742400,2022-10-26 00:00:00
19340.308596714236,1666656000,2022-10-25 00:00:00
19573.945710594326,1666569600,2022-10-24 00:00:00
19224.743178623594,1666483200,2022-10-23 00:00:00
19171.716585167207,1666396800,2022-10-22 00:00:00
19043.007733153812,1666310400,2022-10-21 00:00:00
19134.953718722045,1666224000,2022-10-20 00:00:00
19330.855313632113,1666137600,2022-10-19 00:00:00
19551.72865732599,1666051200,2022-10-18 00:00:00
19272.634813521036,1665964800,2022-10-17 00:00:00
19059.505750492528,1665878400,2022-10-16 00:00:00
19178.694180492534,1665792000,2022-10-15 00:00:00
19395.167990708942,1665705600,2022-10-14 00:00:00
19159.413606257716,1665619200,2022-10-13 00:00:00
19043.016646839686,1665532800,2022-10-12 00:00:00
19150.16070970713,1665446400,2022-10-11 00:00:00
19449.660827846197,1665360000,2022-10-10 00:00:00
19424.334778259425,1665273600,2022-10-09 00:00:00
19533.479913026964,1665187200,2022-10-08 00:00:00
19958.188130104398,1665100800,2022-10-07 00:00:00
20162.832886036496,1665014400,2022-10-06 00:00:00
20348.864266169527,1664928000,2022-10-05 00:00:00
19633.920246989983,1664841600,2022-10-04 00:00:00
19061.977056869182,1664755200,2022-10-03 00:00:00
19323.098709190504,1664668800,2022-10-02 00:00:00
19432.17549546893,1664582400,2022-10-01 00:00:00
19571.917882364036,1664496000,2022-09-30 00:00:00
19435.79308869015,1664409600,2022-09-29 00:00:00
19093.923776004005,1664323200,2022-09-28 00:00:00
19219.897431838788,1664236800,2022-09-27 00:00:00
18815.874469674476,1664150400,2022-09-26 00:00:00
18933.83917869323,1664064000,2022-09-25 00:00:00
19306.5013666009,1663977600,2022-09-24 00:00:00
19419.090921000647,1663891200,2022-09-23 00:00:00
18495.48099952306,1663804800,2022-09-22 00:00:00
18877.405542828383,1663718400,2022-09-21 00:00:00
19554.697660953076,1663632000,2022-09-20 00:00:00
19427.362423363153,1663545600,2022-09-19 00:00:00
20118.0172757737,1663459200,2022-09-18 00:00:00
19788.145225331602,1663372800,2022-09-17 00:00:00
19702.8689807274,1663286400,2022-09-16 00:00:00
20234.367141219438,1663200000,2022-09-15 00:00:00
20177.841887703362,1663113600,2022-09-14 00:00:00
22397.377509662452,1663027200,2022-09-13 00:00:00
21769.165291550136,1662940800,2022-09-12 00:00:00
21681.83999468816,1662854400,2022-09-11 00:00:00
21366.891944803232,1662768000,2022-09-10 00:00:00
19323.190343050166,1662681600,2022-09-09 00:00:00
19296.737394517964,1662595200,2022-09-08 00:00:00
18824.03098682217,1662508800,2022-09-07 00:00:00
19787.42161639851,1662422400,2022-09-06 00:00:00
19979.11905031342,1662336000,2022-09-05 00:00:00
19825.55072119856,1662249600,2022-09-04 00:00:00
19957.178120874712,1662163200,2022-09-03 00:00:00
20119.48624977238,1662076800,2022-09-02 00:00:00
20047.490950299456,1661990400,2022-09-01 00:00:00
19813.46105926454,1661904000,2022-08-31 00:00:00
20293.194611751405,1661817600,2022-08-30 00:00:00
19606.778624379018,1661731200,2022-08-29 00:00:00
20046.421015289896,1661644800,2022-08-28 00:00:00
20228.269154791327,1661558400,2022-08-27 00:00:00
21582.533288779257,1661472000,2022-08-26 00:00:00
21380.290503573968,1661385600,2022-08-25 00:00:00
21529.50945495057,1661299200,2022-08-24 00:00:00
21359.68404827754,1661212800,2022-08-23 00:00:00
21529.38900392313,1661126400,2022-08-22 00:00:00
21140.534917523764,1661040000,2022-08-21 00:00:00
20861.001221906627,1660953600,2022-08-20 00:00:00
23231.83795235057,1660867200,2022-08-19 00:00:00
23336.71533981613,1660780800,2022-08-18 00:00:00
23871.4751294137,1660694400,2022-08-17 00:00:00
24094.898015431907,1660608000,2022-08-16 00:00:00
24338.10153774609,1660521600,2022-08-15 00:00:00
24439.701312584537,1660435200,2022-08-14 00:00:00
24398.622309231567,1660348800,2022-08-13 00:00:00
23942.23096058992,1660262400,2022-08-12 00:00:00
23949.13822328073,1660176000,2022-08-11 00:00:00
23165.950558452547,1660089600,2022-08-10 00:00:00
23803.509084302656,1660003200,2022-08-09 00:00:00
23177.10512117604,1659916800,2022-08-08 00:00:00
22943.61342324319,1659830400,2022-08-07 00:00:00
23297.692357883076,1659744000,2022-08-06 00:00:00
22616.409813157676,1659657600,2022-08-05 00:00:00
22831.962371069036,1659571200,2022-08-04 00:00:00
22986.35138354446,1659484800,2022-08-03 00:00:00
23281.2783261645,1659398400,2022-08-02 00:00:00
23311.2136970204,1659312000,2022-08-01 00:00:00
23635.182324613328,1659225600,2022-07-31 00:00:00
23768.108862238038,1659139200,2022-07-30 00:00:00
23853.41571617924,1659052800,2022-07-29 00:00:00
22950.022587195264,1658966400,2022-07-28 00:00:00
21262.33529478643,1658880000,2022-07-27 00:00:00
21305.1377101232,1658793600,2022-07-26 00:00:00
22585.478067934426,1658707200,2022-07-25 00:00:00
22456.752959990055,1658620800,2022-07-24 00:00:00
22693.62199478036,1658534400,2022-07-23 00:00:00
23154.377019534655,1658448000,2022-07-22 00:00:00
23218.564844031847,1658361600,2022-07-21 00:00:00
23407.069995589,1658275200,2022-07-20 00:00:00
22530.84426114663,1658188800,2022-07-19 00:00:00
20779.780750034024,1658102400,2022-07-18 00:00:00
21197.59543284907,1658016000,2022-07-17 00:00:00
20826.952137050423,1657929600,2022-07-16 00:00:00
20581.791061264656,1657843200,2022-07-15 00:00:00
20242.36823177723,1657756800,2022-07-14 00:00:00
19318.751809816367,1657670400,2022-07-13 00:00:00
19958.652531369353,1657584000,2022-07-12 00:00:00
20848.49843684342,1657497600,2022-07-11 00:00:00
21585.116803820438,1657411200,2022-07-10 00:00:00
21621.39895876426,1657324800,2022-07-09 00:00:00
21640.583191165224,1657238400,2022-07-08 00:00:00
20574.246215348052,1657152000,2022-07-07 00:00:00
20199.86524518771,1657065600,2022-07-06 00:00:00
20232.307706408796,1656979200,2022-07-05 00:00:00
19336.33023101922,1656892800,2022-07-04 00:00:00
19251.632437104385,1656806400,2022-07-03 00:00:00
19283.16448407148,1656720000,2022-07-02 00:00:00
19817.3808229203,1656633600,2022-07-01 00:00:00
20118.63850775155,1656547200,2022-06-30 00:00:00
20290.10378216914,1656460800,2022-06-29 00:00:00
20740.725287883903,1656374400,2022-06-28 00:00:00
21054.92312525325,1656288000,2022-06-27 00:00:00
21525.680322078668,1656201600,2022-06-26 00:00:00
21244.415041551863,1656115200,2022-06-25 00:00:00
21126.199103936822,1656028800,2022-06-24 00:00:00
19985.311611001693,1655942400,2022-06-23 00:00:00
20738.243984577977,1655856000,2022-06-22 00:00:00
20613.30151315254,1655769600,2022-06-21 00:00:00
20578.317382500183,1655683200,2022-06-20 00:00:00
19012.435077810544,1655596800,2022-06-19 00:00:00
20478.792284015864,1655510400,2022-06-18 00:00:00
20421.178159276224,1655424000,2022-06-17 00:00:00
22582.121756527034,1655337600,2022-06-16 00:00:00
22231.43586607027,1655251200,2022-06-15 00:00:00
22473.17291417464,1655164800,2022-06-14 00:00:00
26727.185969081896,1655078400,2022-06-13 00:00:00
28394.51980027406,1654992000,2022-06-12 00:00:00
29101.197597380964,1654905600,2022-06-11 00:00:00
30123.80782133388,1654819200,2022-06-10 00:00:00
30236.402630970206,1654732800,2022-06-09 00:00:00
31151.633300853115,1654646400,2022-06-08 00:00:00
31374.850832187087,1654560000,2022-06-07 00:00:00
29934.4427299247,1654473600,2022-06-06 00:00:00
29854.04796858122,1654387200,2022-06-05 00:00:00
29720.73250999946,1654300800,2022-06-04 00:00:00
30477.64837433337,1654214400,2022-06-03 00:00:00
29823.572192162483,1654128000,2022-06-02 00:00:00
31842.088017939328,1654041600,2022-06-01 00:00:00
31763.010359230968,1653955200,2022-05-31 00:00:00
29476.24058138545,1653868800,2022-05-30 00:00:00
29054.0041028465,1653782400,2022-05-29 00:00:00
28635.743465946474,1653696000,2022-05-28 00:00:00
29275.98891618453,1653609600,2022-05-27 00:00:00
29572.494618782755,1653523200,2022-05-26 00:00:00
29665.70838390659,1653436800,2022-05-25 00:00:00
29154.377848594257,1653350400,2022-05-24 00:00:00
30341.17729391753,1653264000,2022-05-23 00:00:00
29472.3493826889,1653177600,2022-05-22 00:00:00
29223.59990812234,1653091200,2022-05-21 00:00:00
30340.570758411483,1653004800,2022-05-20 00:00:00
28740.190911682494,1652918400,2022-05-19 00:00:00
30470.226736929988,1652832000,2022-05-18 00:00:00
29890.06088346399,1652745600,2022-05-17 00:00:00
31326.277499185715,1652659200,2022-05-16 00:00:00
30154.582719991184,1652572800,2022-05-15 00:00:00
29323.36900889031,1652486400,2022-05-14 00:00:00
29074.896069175564,1652400000,2022-05-13 00:00:00
29028.394847241183,1652313600,2022-05-12 00:00:00
31052.40215101793,1652227200,2022-05-11 00:00:00
30315.568835935566,1652140800,2022-05-10 00:00:00
34076.7471967065,1652054400,2022-05-09 00:00:00
35499.257189177566,1651968000,2022-05-08 00:00:00
36041.06932794265,1651881600,2022-05-07 00:00:00
36588.58812240827,1651795200,2022-05-06 00:00:00
39707.08669687924,1651708800,2022-05-05 00:00:00
37783.352269722054,1651622400,2022-05-04 00:00:00
38548.86616930271,1651536000,2022-05-03 00:00:00
38519.410378245986,1651449600,2022-05-02 00:00:00
37698.05110860097,1651363200,2022-05-01 00:00:00
38646.82956546246,1651276800,2022-04-30 00:00:00
39845.84316712624,1651190400,2022-04-29 00:00:00
39267.48182628509,1651104000,2022-04-28 00:00:00
38172.04359728637,1651017600,2022-04-27 00:00:00
40433.885785579914,1650931200,2022-04-26 00:00:00
39551.736246977154,1650844800,2022-04-25 00:00:00
39507.55826013386,1650758400,2022-04-24 00:00:00
39779.22669373872,1650672000,2022-04-23 00:00:00
40540.59222336212,1650585600,2022-04-22 00:00:00
41383.79671629941,1650499200,2022-04-21 00:00:00
41490.05944631322,1650412800,2022-04-20 00:00:00
40799.34444757167,1650326400,2022-04-19 00:00:00
39822.257678203976,1650240000,2022-04-18 00:00:00
40454.727828331845,1650153600,2022-04-17 00:00:00
40563.978745903936,1650067200,2022-04-16 00:00:00
40013.8334569824,1649980800,2022-04-15 00:00:00
41183.48811490272,1649894400,2022-04-14 00:00:00
40146.78190645738,1649808000,2022-04-13 00:00:00
39620.436169146116,1649721600,2022-04-12 00:00:00
42269.15275092676,1649635200,2022-04-11 00:00:00
42774.473086433594,1649548800,2022-04-10 00:00:00
42327.99188087798,1649462400,2022-04-09 00:00:00
43491.05582758928,1649376000,2022-04-08 00:00:00
43226.7583720783,1649289600,2022-04-07 00:00:00
45614.35512944004,1649203200,2022-04-06 00:00:00
46629.495966930495,1649116800,2022-04-05 00:00:00
46520.2065613863,1649030400,2022-04-04 00:00:00
45928.61935566642,1648944000,2022-04-03 00:00:00
46260.34772256533,1648857600,2022-04-02 00:00:00
45544.57004943779,1648771200,2022-04-01 00:00:00
47076.566097362425,1648684800,2022-03-31 00:00:00
47461.39419303183,1648598400,2022-03-30 00:00:00
47144.95236445738,1648512000,2022-03-29 00:00:00
46457.8289415119,1648425600,2022-03-28 00:00:00
44518.05817848312,1648339200,2022-03-27 00:00:00
44188.22521644064,1648252800,2022-03-26 00:00:00
43946.19812068838,1648166400,2022-03-25 00:00:00
42810.767186580386,1648080000,2022-03-24 00:00:00
42360.659495804255,1647993600,2022-03-23 00:00:00
41050.24852864982,1647907200,2022-03-22 00:00:00
41044.61782620094,1647820800,2022-03-21 00:00:00
42139.79925576541,1647734400,2022-03-20 00:00:00
41804.93291523503,1647648000,2022-03-19 00:00:00
40927.71333522345,1647561600,2022-03-18 00:00:00
41108.337592493706,1647475200,2022-03-17 00:00:00
39328.275668045324,1647388800,2022-03-16 00:00:00
39656.98731208137,1647302400,2022-03-15 00:00:00
37879.39238260929,1647216000,2022-03-14 00:00:00
38887.05036757436,1647129600,2022-03-13 00:00:00
38787.83899328886,1647043200,2022-03-12 00:00:00
39433.708586322966,1646956800,2022-03-11 00:00:00
41934.6149674384,1646870400,2022-03-10 00:00:00
38744.70155300279,1646784000,2022-03-09 00:00:00
38062.95418661115,1646697600,2022-03-08 00:00:00
38424.237498673574,1646611200,2022-03-07 00:00:00
39398.053231214515,1646524800,2022-03-06 00:00:00
39136.4537351783,1646438400,2022-03-05 00:00:00
42463.5224262205,1646352000,2022-03-04 00:00:00
43931.35809617444,1646265600,2022-03-03 00:00:00
44385.48855797705,1646179200,2022-03-02 00:00:00
43205.0389686785,1646092800,2022-03-01 00:00:00
37735.1758097665,1646006400,2022-02-28 00:00:00
39095.33399842083,1645920000,2022-02-27 00:00:00
39220.937955090245,1645833600,2022-02-26 00:00:00
38347.074037009355,1645747200,2022-02-25 00:00:00
37273.93446588004,1645660800,2022-02-24 00:00:00
38264.01144628453,1645574400,2022-02-23 00:00:00
37060.14089647816,1645488000,2022-02-22 00:00:00
38436.62024377578,1645401600,2022-02-21 00:00:00
40113.04903344257,1645315200,2022-02-20 00:00:00
40013.809049346906,1645228800,2022-02-19 00:00:00
40543.54963973643,1645142400,2022-02-18 00:00:00
43942.605334232554,1645056000,2022-02-17 00:00:00
44556.48171231067,1644969600,2022-02-16 00:00:00
42580.4008551526,1644883200,2022-02-15 00:00:00
42171.61239457665,1644796800,2022-02-14 00:00:00
42207.645968284305,1644710400,2022-02-13 00:00:00
42390.93029013995,1644624000,2022-02-12 00:00:00
43518.09305291205,1644537600,2022-02-11 00:00:00
44348.06887010132,1644451200,2022-02-10 00:00:00
44097.990475129074,1644364800,2022-02-09 00:00:00
43851.548827431856,1644278400,2022-02-08 00:00:00
42392.217548897446,1644192000,2022-02-07 00:00:00
41431.44707313994,1644105600,2022-02-06 00:00:00
41520.73909682552,1644019200,2022-02-05 00:00:00
37170.22898693588,1643932800,2022-02-04 00:00:00
36925.953184571415,1643846400,2022-02-03 00:00:00
38740.82348071303,1643760000,2022-02-02 00:00:00
38710.54400141085,1643673600,2022-02-01 00:00:00
37924.435025661376,1643587200,2022-01-31 00:00:00
38154.91043077554,1643500800,2022-01-30 00:00:00
37773.487552407394,1643414400,2022-01-29 00:00:00
37142.436674518656,1643328000,2022-01-28 00:00:00
36830.04589953014,1643241600,2022-01-27 00:00:00
36938.112423570776,1643155200,2022-01-26 00:00:00
36650.97549235741,1643068800,2022-01-25 00:00:00
36228.24633111452,1642982400,2022-01-24 00:00:00
35179.582058884575,1642896000,2022-01-23 00:00:00
36478.11978959923,1642809600,2022-01-22 00:00:00
40883.67869176135,1642723200,2022-01-21 00:00:00
41877.60035407356,1642636800,2022-01-20 00:00:00
42538.82914000733,1642550400,2022-01-19 00:00:00
42401.55629115217,1642464000,2022-01-18 00:00:00
43304.457261991265,1642377600,2022-01-17 00:00:00
43355.69993459393,1642291200,2022-01-16 00:00:00
43242.06710039115,1642204800,2022-01-15 00:00:00
42607.68202079974,1642118400,2022-01-14 00:00:00
44011.311732708724,1642032000,2022-01-13 00:00:00
42845.638962802426,1641945600,2022-01-12 00:00:00
41938.86493664508,1641859200,2022-01-11 00:00:00
42077.11465439324,1641772800,2022-01-10 00:00:00
41883.04470811205,1641686400,2022-01-09 00:00:00
41573.7294791625,1641600000,2022-01-08 00:00:00
43253.82606224523,1641513600,2022-01-07 00:00:00
43639.198327313374,1641427200,2022-01-06 00:00:00
45998.00519196456,1641340800,2022-01-05 00:00:00
46552.90192901236,1641254400,2022-01-04 00:00:00
47420.210724025674,1641168000,2022-01-03 00:00:00
47778.49399303909,1641081600,2022-01-02 00:00:00
46331.005291211746,1640995200,2022-01-01 00:00:00
47217.186572366794,1640908800,2021-12-31 00:00:00
46563.534742305914,1640822400,2021-12-30 00:00:00
47688.24685825039,1640736000,2021-12-29 00:00:00
50798.94568791157,1640649600,2021-12-28 00:00:00
50872.045278295845,1640563200,2021-12-27 00:00:00
50614.48934726627,1640476800,2021-12-26 00:00:00
50865.27514682944,1640390400,2021-12-25 00:00:00
50827.36489460013,1640304000,2021-12-24 00:00:00
48686.9885661959,1640217600,2021-12-23 00:00:00
48989.47711544549,1640131200,2021-12-22 00:00:00
46948.469032738525,1640044800,2021-12-21 00:00:00
46748.67045473615,1639958400,2021-12-20 00:00:00
46909.79438711585,1639872000,2021-12-19 00:00:00
46287.64843653499,1639785600,2021-12-18 00:00:00
47719.710934459894,1639699200,2021-12-17 00:00:00
48955.30409036659,1639612800,2021-12-16 00:00:00
48380.596537202146,1639526400,2021-12-15 00:00:00
46765.273766872175,1639440000,2021-12-14 00:00:00
50090.2745413083,1639353600,2021-12-13 00:00:00
49301.33065339291,1639267200,2021-12-12 00:00:00
47200.35478276619,1639180800,2021-12-11 00:00:00
47752.38092494971,1639094400,2021-12-10 00:00:00
50513.32431184398,1639008000,2021-12-09 00:00:00
50659.85059693794,1638921600,2021-12-08 00:00:00
50598.18840864811,1638835200,2021-12-07 00:00:00
49414.69419984093,1638748800,2021-12-06 00:00:00
49227.04247389618,1638662400,2021-12-05 00:00:00
53605.72256029077,1638576000,2021-12-04 00:00:00
56453.41775868731,1638489600,2021-12-03 00:00:00
57140.063340083885,1638403200,2021-12-02 00:00:00
57003.92480323303,1638316800,2021-12-01 00:00:00
57743.596784050096,1638230400,2021-11-30 00:00:00
57043.25195860558,1638144000,2021-11-29 00:00:00
54577.33802437505,1638057600,2021-11-28 00:00:00
53604.854948042535,1637971200,2021-11-27 00:00:00
58878.65451395351,1637884800,2021-11-26 00:00:00
57278.559191063956,1637798400,2021-11-25 00:00:00
57628.15492117313,1637712000,2021-11-24 00:00:00
56362.044432713854,1637625600,2021-11-23 00:00:00
58649.82716969685,1637539200,2021-11-22 00:00:00
59724.51862280682,1637452800,2021-11-21 00:00:00
58124.2583870609,1637366400,2021-11-20 00:00:00
56875.22701460561,1637280000,2021-11-19 00:00:00
60313.646629909825,1637193600,2021-11-18 00:00:00
60249.05669095141,1637107200,2021-11-17 00:00:00
63671.802670784724,1637020800,2021-11-16 00:00:00
65348.0917528982,1636934400,2021-11-15 00:00:00
64396.302495540665,1636848000,2021-11-14 00:00:00
64197.73561991118,1636761600,2021-11-13 00:00:00
64845.14339205053,1636675200,2021-11-12 00:00:00
64991.0315799296,1636588800,2021-11-11 00:00:00
66956.5314096248,1636502400,2021-11-10 00:00:00
67566.47480103343,1636416000,2021-11-09 00:00:00
63168.3658783098,1636329600,2021-11-08 00:00:00
61409.9519383135,1636243200,2021-11-07 00:00:00
61064.69266457452,1636156800,2021-11-06 00:00:00
61451.555882416134,1636070400,2021-11-05 00:00:00
62920.565496888215,1635984000,2021-11-04 00:00:00
63161.76825428557,1635897600,2021-11-03 00:00:00
61013.80731135374,1635811200,2021-11-02 00:00:00
61353.97320439991,1635724800,2021-11-01 00:00:00
61776.414507534224,1635638400,2021-10-31 00:00:00
62272.460322264786,1635552000,2021-10-30 00:00:00
60556.78250832223,1635465600,2021-10-29 00:00:00
58614.76451766912,1635379200,2021-10-28 00:00:00
60396.453049647724,1635292800,2021-10-27 00:00:00
63018.219058632734,1635206400,2021-10-26 00:00:00
60886.63568032453,1635120000,2021-10-25 00:00:00
61295.62416099621,1635033600,2021-10-24 00:00:00
60687.60978460077,1634947200,2021-10-23 00:00:00
62226.72921435549,1634860800,2021-10-22 00:00:00
65970.3834821493,1634774400,2021-10-21 00:00:00
64218.58004321885,1634688000,2021-10-20 00:00:00
61992.06742836465,1634601600,2021-10-19 00:00:00
61547.209020724964,1634515200,2021-10-18 00:00:00
60858.979234035105,1634428800,2021-10-17 00:00:00
61621.18597935096,1634342400,2021-10-16 00:00:00
57327.824419257486,1634256000,2021-10-15 00:00:00
57353.346833157375,1634169600,2021-10-14 00:00:00
56056.282844283385,1634083200,2021-10-13 00:00:00
57430.42776298806,1633996800,2021-10-12 00:00:00
54709.86229587451,1633910400,2021-10-11 00:00:00
54988.622780680875,1633824000,2021-10-10 00:00:00
53940.20397261129,1633737600,2021-10-09 00:00:00
53774.61282845198,1633651200,2021-10-08 00:00:00
55362.85466173558,1633564800,2021-10-07 00:00:00
51515.61513964392,1633478400,2021-10-06 00:00:00
49145.668239527135,1633392000,2021-10-05 00:00:00
48169.961695159065,1633305600,2021-10-04 00:00:00
47710.83397704222,1633219200,2021-10-03 00:00:00
48097.9881687609,1633132800,2021-10-02 00:00:00
43754.49410780105,1633046400,2021-10-01 00:00:00
41551.804262414706,1632960000,2021-09-30 00:00:00
41025.679848330685,1632873600,2021-09-29 00:00:00
42246.06348358782,1632787200,2021-09-28 00:00:00
43193.87099548131,1632700800,2021-09-27 00:00:00
42702.81829017805,1632614400,2021-09-26 00:00:00
42820.35526202072,1632528000,2021-09-25 00:00:00
44868.08232605991,1632441600,2021-09-24 00:00:00
43595.33482283395,1632355200,2021-09-23 00:00:00
40614.64356916629,1632268800,2021-09-22 00:00:00
42915.797726897086,1632182400,2021-09-21 00:00:00
47250.03150783453,1632096000,2021-09-20 00:00:00
48252.8919114988,1632009600,2021-09-19 00:00:00
47268.1265202364,1631923200,2021-09-18 00:00:00
47804.933718666325,1631836800,2021-09-17 00:00:00
48133.32627516433,1631750400,2021-09-16 00:00:00
47029.74583742939,1631664000,2021-09-15 00:00:00
45046.55014539659,1631577600,2021-09-14 00:00:00
46165.81516422698,1631491200,2021-09-13 00:00:00
45194.10065967477,1631404800,2021-09-12 00:00:00
44928.119715509565,1631318400,2021-09-11 00:00:00
46405.44000990662,1631232000,2021-09-10 00:00:00
46095.74610264305,1631145600,2021-09-09 00:00:00
46873.58806569818,1631059200,2021-09-08 00:00:00
52645.69319952859,1630972800,2021-09-07 00:00:00
51741.30091140978,1630886400,2021-09-06 00:00:00
49927.96711167452,1630800000,2021-09-05 00:00:00
50014.24082437137,1630713600,2021-09-04 00:00:00
49319.01098796335,1630627200,2021-09-03 00:00:00
48810.974321610076,1630540800,2021-09-02 00:00:00
47186.07113733665,1630454400,2021-09-01 00:00:00
47044.84124338907,1630368000,2021-08-31 00:00:00
48808.53914663827,1630281600,2021-08-30 00:00:00
48885.235887119976,1630195200,2021-08-29 00:00:00
49009.50780429944,1630108800,2021-08-28 00:00:00
46995.3542641572,1630022400,2021-08-27 00:00:00
48964.218656877245,1629936000,2021-08-26 00:00:00
47732.23111263922,1629849600,2021-08-25 00:00:00
49502.700207223075,1629763200,2021-08-24 00:00:00
49300.110886287606,1629676800,2021-08-23 00:00:00
48926.592131918456,1629590400,2021-08-22 00:00:00
49272.15578930924,1629504000,2021-08-21 00:00:00
46716.82855254782,1629417600,2021-08-20 00:00:00
44833.43158459091,1629331200,2021-08-19 00:00:00
44686.37410777922,1629244800,2021-08-18 00:00:00
45980.89352972708,1629158400,2021-08-17 00:00:00
47044.92304811531,1629072000,2021-08-16 00:00:00
47066.796057017644,1628985600,2021-08-15 00:00:00
47772.54626488775,1628899200,2021-08-14 00:00:00
44423.710311500865,1628812800,2021-08-13 00:00:00
45613.915194358364,1628726400,2021-08-12 00:00:00
45587.90303269035,1628640000,2021-08-11 00:00:00
,1628553600,2021-08-10 00:00:00
43798.07824460365,1628467200,2021-08-09 00:00:00
44601.72419011695,1628380800,2021-08-08 00:00:00
42842.47203544502,1628294400,2021-08-07 00:00:00
40869.430304310365,1628208000,2021-08-06 00:00:00
38382.39865547839,1628121600,2021-08-05 00:00:00
38170.265532139274,1628035200,2021-08-04 00:00:00
39197.43375395335,1627948800,2021-08-03 00:00:00
40038.27323349143,1627862400,2021-08-02 00:00:00
,1627776000,2021-08-01 00:00:00
42068.50587028678,1627689600,2021-07-31 00:00:00
39990.62007777584,1627603200,2021-07-30 00:00:00
39999.50762613287,1627516800,2021-07-29 00:00:00
39278.418542716165,1627430400,2021-07-28 00:00:00
37327.37249376109,1627344000,2021-07-27 00:00:00
35287.79019433358,1627257600,2021-07-26 00:00:00
34238.99164116926,1627171200,2021-07-25 00:00:00
33532.8995190272,1627084800,2021-07-24 00:00:00
32325.945126081824,1626998400,2021-07-23 00:00:00
32123.549447407295,1626912000,2021-07-22 00:00:00
29791.706756646578,1626825600,2021-07-21 00:00:00
30909.009818779883,1626739200,2021-07-20 00:00:00
31795.811040308025,1626652800,2021-07-19 00:00:00
31542.540826473614,1626566400,2021-07-18 00:00:00
31418.134920948487,1626480000,2021-07-17 00:00:00
31672.04293008871,1626393600,2021-07-16 00:00:00
32785.972156487864,1626307200,2021-07-15 00:00:00
32655.24164413537,1626220800,2021-07-14 00:00:00
33068.164974500556,1626134400,2021-07-13 00:00:00
33859.43662466242,1626048000,2021-07-12 00:00:00
33344.10080314346,1625961600,2021-07-11 00:00:00
33635.90633470976,1625875200,2021-07-10 00:00:00
32785.285447579845,1625788800,2021-07-09 00:00:00
33859.075125697294,1625702400,2021-07-08 00:00:00
34154.229299002705,1625616000,2021-07-07 00:00:00
33803.721442915696,1625529600,2021-07-06 00:00:00
35307.176948642744,1625443200,2021-07-05 00:00:00
34674.73887856653,1625356800,2021-07-04 00:00:00
33843.70589014816,1625270400,2021-07-03 00:00:00
33593.073717512016,1625184000,2021-07-02 00:00:00
35054.96217624975,1625097600,2021-07-01 00:00:00
35885.852951299494,1625011200,2021-06-30 00:00:00
34431.38807397045,1624924800,2021-06-29 00:00:00
34592.06278214442,1624838400,2021-06-28 00:00:00
31972.28226533534,1624752000,2021-06-27 00:00:00
31686.830709263035,1624665600,2021-06-26 00:00:00
34634.216404271676,1624579200,2021-06-25 00:00:00
33667.34816735435,1624492800,2021-06-24 00:00:00
32415.565947258354,1624406400,2021-06-23 00:00:00
31603.276763301335,1624320000,2021-06-22 00:00:00
35677.515849801996,1624233600,2021-06-21 00:00:00
35634.456780799635,1624147200,2021-06-20 00:00:00
35725.82339118284,1624060800,2021-06-19 00:00:00
38069.599399592385,1623974400,2021-06-18 00:00:00
38339.54696132082,1623888000,2021-06-17 00:00:00
40331.2177404699,1623801600,2021-06-16 00:00:00
40486.935383090204,1623715200,2021-06-15 00:00:00
39032.11363190065,1623628800,2021-06-14 00:00:00
35516.36239436759,1623542400,2021-06-13 00:00:00
37277.754200056195,1623456000,2021-06-12 00:00:00
36779.69334159145,1623369600,2021-06-11 00:00:00
37294.65325291901,1623283200,2021-06-10 00:00:00
33426.777834538145,1623196800,2021-06-09 00:00:00
33531.19817903671,1623110400,2021-06-08 00:00:00
35798.68901228371,1623024000,2021-06-07 00:00:00
35502.51219956544,1622937600,2021-06-06 00:00:00
36910.86577968429,1622851200,2021-06-05 00:00:00
39176.08850089272,1622764800,2021-06-04 00:00:00
37623.16194292632,1622678400,2021-06-03 00:00:00
36659.49357551241,1622592000,2021-06-02 00:00:00
,1622505600,2021-06-01 00:00:00
35664.558406608834,1622419200,2021-05-31 00:00:00
34563.74340704053,1622332800,2021-05-30 00:00:00
35679.88137657796,1622246400,2021-05-29 00:00:00
38487.150112858755,1622160000,2021-05-28 00:00:00
39241.042126117936,1622073600,2021-05-27 00:00:00
38213.56622663302,1621987200,2021-05-26 00:00:00
38617.63784121371,1621900800,2021-05-25 00:00:00
34847.889610923194,1621814400,2021-05-24 00:00:00
37574.89514532112,1621728000,2021-05-23 00:00:00
37194.479362659156,1621641600,2021-05-22 00:00:00
40628.54096863474,1621555200,2021-05-21 00:00:00
37357.463027585014,1621468800,2021-05-20 00:00:00
43127.854904698346,1621382400,2021-05-19 00:00:00
43647.63184282477,1621296000,2021-05-18 00:00:00
46416.70451441021,1621209600,2021-05-17 00:00:00
46925.70249829308,1621123200,2021-05-16 00:00:00
49896.225776488085,1621036800,2021-05-15 00:00:00
49724.35140532614,1620950400,2021-05-14 00:00:00
50776.01625182148,1620864000,2021-05-13 00:00:00
57355.80084349949,1620777600,2021-05-12 00:00:00
56564.237651530195,1620691200,2021-05-11 00:00:00
59094.99026423199,1620604800,2021-05-10 00:00:00
59574.86531369274,1620518400,2021-05-09 00:00:00
57811.04519012387,1620432000,2021-05-08 00:00:00
56987.63428600856,1620345600,2021-05-07 00:00:00
58182.795288817935,1620259200,2021-05-06 00:00:00
53723.713634040134,1620172800,2021-05-05 00:00:00
57880.48320295874,1620086400,2021-05-04 00:00:00
57120.50997889023,1620000000,2021-05-03 00:00:00
58238.26449857099,1619913600,2021-05-02 00:00:00
58349.38150590475,1619827200,2021-05-01 00:00:00
53990.192200870566,1619740800,2021-04-30 00:00:00
55089.53693106533,1619654400,2021-04-29 00:00:00
55368.22559810168,1619568000,2021-04-28 00:00:00
54320.4232459273,1619481600,2021-04-27 00:00:00
49541.555982561884,1619395200,2021-04-26 00:00:00
50367.022903308774,1619308800,2021-04-25 00:00:00
51321.46661954921,1619222400,2021-04-24 00:00:00
52529.732828344175,1619136000,2021-04-23 00:00:00
54730.72527022124,1619049600,2021-04-22 00:00:00
57037.30363260934,1618963200,2021-04-21 00:00:00
56251.842008983636,1618876800,2021-04-20 00:00:00
57076.02253766969,1618790400,2021-04-19 00:00:00
61030.024172024714,1618704000,2021-04-18 00:00:00
62162.375486124794,1618617600,2021-04-17 00:00:00
63670.09409334017,1618531200,2021-04-16 00:00:00
63428.44561946117,1618444800,2021-04-15 00:00:00
64020.34773340609,1618358400,2021-04-14 00:00:00
60364.09723985397,1618272000,2021-04-13 00:00:00
60735.11220827609,1618185600,2021-04-12 00:00:00
60304.17523557118,1618099200,2021-04-11 00:00:00
58759.6353205522,1618012800,2021-04-10 00:00:00
58548.83060952477,1617926400,2021-04-09 00:00:00
56931.837091084104,1617840000,2021-04-08 00:00:00
58782.34313323537,1617753600,2021-04-07 00:00:00
59527.15401294662,1617667200,2021-04-06 00:00:00
58604.13891269203,1617580800,2021-04-05 00:00:00
57552.32875631007,1617494400,2021-04-04 00:00:00
59340.54762592658,1617408000,2021-04-03 00:00:00
58947.72442546595,1617321600,2021-04-02 00:00:00
,1617235200,2021-04-01 00:00:00
58856.75331245194,1617148800,2021-03-31 00:00:00
57813.81282941802,1617062400,2021-03-30 00:00:00
55876.81531363479,1616976000,2021-03-29 00:00:00
55974.74976559781,1616889600,2021-03-28 00:00:00
55115.04608193885,1616803200,2021-03-27 00:00:00
51885.28942877906,1616716800,2021-03-26 00:00:00
53012.99378922718,1616630400,2021-03-25 00:00:00
54932.018351850435,1616544000,2021-03-24 00:00:00
54462.19720415019,1616457600,2021-03-23 00:00:00
57607.73895693378,1616371200,2021-03-22 00:00:00
58275.66823563421,1616284800,2021-03-21 00:00:00
58207.44935732568,1616198400,2021-03-20 00:00:00
57875.91197461028,1616112000,2021-03-19 00:00:00
58792.85769469806,1616025600,2021-03-18 00:00:00
56778.28577747258,1615939200,2021-03-17 00:00:00
55931.574532546096,1615852800,2021-03-16 00:00:00
59475.74060297631,1615766400,2021-03-15 00:00:00
61295.29800939524,1615680000,2021-03-14 00:00:00
57552.49625145598,1615593600,2021-03-13 00:00:00
57722.69400498059,1615507200,2021-03-12 00:00:00
55941.232844757,1615420800,2021-03-11 00:00:00
54831.848431263505,1615334400,2021-03-10 00:00:00
52494.04614592101,1615248000,2021-03-09 00:00:00
51375.59090429785,1615161600,2021-03-08 00:00:00
48926.36490751674,1615075200,2021-03-07 00:00:00
49051.23842001996,1614988800,2021-03-06 00:00:00
48733.36742441403,1614902400,2021-03-05 00:00:00
50692.66270691344,1614816000,2021-03-04 00:00:00
48477.72781862108,1614729600,2021-03-03 00:00:00
49766.321899820665,1614643200,2021-03-02 00:00:00
45144.528357637,1614556800,2021-03-01 00:00:00
46378.24662957672,1614470400,2021-02-28 00:00:00
46480.09442600806,1614384000,2021-02-27 00:00:00
47579.12366748323,1614297600,2021-02-26 00:00:00
49773.358241388036,1614211200,2021-02-25 00:00:00
48730.66873737706,1614124800,2021-02-24 00:00:00
54356.42505386212,1614038400,2021-02-23 00:00:00
57715.866585746095,1613952000,2021-02-22 00:00:00
56285.80881713284,1613865600,2021-02-21 00:00:00
55672.49404076635,1613779200,2021-02-20 00:00:00
51692.841448781284,1613692800,2021-02-19 00:00:00
52385.082043211536,1613606400,2021-02-18 00:00:00
49374.48352569171,1613520000,2021-02-17 00:00:00
47977.76432097017,1613433600,2021-02-16 00:00:00
48812.318798932465,1613347200,2021-02-15 00:00:00
47239.50292374463,1613260800,2021-02-14 00:00:00
47490.39890515682,1613174400,2021-02-13 00:00:00
47924.80128226496,1613088000,2021-02-12 00:00:00
44937.73003183413,1613001600,2021-02-11 00:00:00
46424.64730925085,1612915200,2021-02-10 00:00:00
46212.2718570113,1612828800,2021-02-09 00:00:00
39058.15233540098,1612742400,2021-02-08 00:00:00
39294.41353916324,1612656000,2021-02-07 00:00:00
38030.38835740222,1612569600,2021-02-06 00:00:00
36907.63962596132,1612483200,2021-02-05 00:00:00
37320.26909665157,1612396800,2021-02-04 00:00:00
35470.29973257104,1612310400,2021-02-03 00:00:00
33463.51079904875,1612224000,2021-02-02 00:00:00
,1612137600,2021-02-01 00:00:00
34215.85651364398,1612051200,2021-01-31 00:00:00
34147.21703052314,1611964800,2021-01-30 00:00:00
33085.089188999795,1611878400,2021-01-29 00:00:00
30397.65866228919,1611792000,2021-01-28 00:00:00
32598.83765391594,1611705600,2021-01-27 00:00:00
,1611619200,2021-01-26 00:00:00
32320.983479756782,1611532800,2021-01-25 00:00:00
32069.051460660256,1611446400,2021-01-24 00:00:00
32910.19930326242,1611360000,2021-01-23 00:00:00
30797.54097469226,1611273600,2021-01-22 00:00:00
35584.23067937137,1611187200,2021-01-21 00:00:00
36123.858004539,1611100800,2021-01-20 00:00:00
36683.239174750954,1611014400,2021-01-19 00:00:00
35758.505200548745,1610928000,2021-01-18 00:00:00
36169.31109925022,1610841600,2021-01-17 00:00:00
36702.06937388454,1610755200,2021-01-16 00:00:00
39179.099178977645,1610668800,2021-01-15 00:00:00
37311.85318846259,1610582400,2021-01-14 00:00:00
33884.56596438083,1610496000,2021-01-13 00:00:00
35576.48722279714,1610409600,2021-01-12 00:00:00
38399.96729199953,1610323200,2021-01-11 00:00:00
40222.443864396955,1610236800,2021-01-10 00:00:00
40716.75325248644,1610150400,2021-01-09 00:00:00
39332.90086434998,1610064000,2021-01-08 00:00:00
36826.25048709922,1609977600,2021-01-07 00:00:00
33997.26934526701,1609891200,2021-01-06 00:00:00
32649.169915218274,1609804800,2021-01-05 00:00:00
32872.789188306015,1609718400,2021-01-04 00:00:00
32114.9340160492,1609632000,2021-01-03 00:00:00
29337.798220232573,1609545600,2021-01-02 00:00:00
28986.858151840697,1609459200,2021-01-01 00:00:00
28820.628052695425,1609372800,2020-12-31 00:00:00
27006.06526619024,1609286400,2020-12-30 00:00:00
27094.45035531626,1609200000,2020-12-29 00:00:00
26321.099710000653,1609113600,2020-12-28 00:00:00
26436.365202464924,1609027200,2020-12-27 00:00:00
23482.59723839318,1608940800,2020-12-26 00:00:00
23721.877943904718,1608854400,2020-12-25 00:00:00
23185.084354623425,1608768000,2020-12-24 00:00:00
23783.894149141423,1608681600,2020-12-23 00:00:00
22843.341497372785,1608595200,2020-12-22 00:00:00
23459.96932240701,1608508800,2020-12-21 00:00:00
23861.091865355593,1608422400,2020-12-20 00:00:00
22764.081200024542,1608336000,2020-12-19 00:00:00
22827.46988414768,1608249600,2020-12-18 00:00:00
21338.3688321674,1608163200,2020-12-17 00:00:00
19383.77418274512,1608076800,2020-12-16 00:00:00
19256.89443515422,1607990400,2020-12-15 00:00:00
19207.85680208354,1607904000,2020-12-14 00:00:00
18781.62094816956,1607817600,2020-12-13 00:00:00
18065.98380001724,1607731200,2020-12-12 00:00:00
18256.37736933354,1607644800,2020-12-11 00:00:00
18532.647440638942,1607558400,2020-12-10 00:00:00
18307.682993515584,1607472000,2020-12-09 00:00:00
19150.98822708053,1607385600,2020-12-08 00:00:00
19293.577523422235,1607299200,2020-12-07 00:00:00
19121.307919672887,1607212800,2020-12-06 00:00:00
18688.17317161989,1607126400,2020-12-05 00:00:00
19397.615428651912,1607040000,2020-12-04 00:00:00
19180.70533705829,1606953600,2020-12-03 00:00:00
18831.84747862843,1606867200,2020-12-02 00:00:00
18453.648198611114,1606780800,2020-12-01 00:00:00
18168.62602407986,1606694400,2020-11-30 00:00:00
17705.415035907467,1606608000,2020-11-29 00:00:00
17104.93032996781,1606521600,2020-11-28 00:00:00
17136.096232638665,1606435200,2020-11-27 00:00:00
18767.75489823592,1606348800,2020-11-26 00:00:00
19137.83622560507,1606262400,2020-11-25 00:00:00
18387.57981808575,1606176000,2020-11-24 00:00:00
18400.814416566172,1606089600,2020-11-23 00:00:00
18670.27666955243,1606003200,2020-11-22 00:00:00
18617.46134142156,1605916800,2020-11-21 00:00:00
17814.959460132362,1605830400,2020-11-20 00:00:00
17795.161012091114,1605744000,2020-11-19 00:00:00
17630.245925597697,1605657600,2020-11-18 00:00:00
16693.812569022582,1605571200,2020-11-17 00:00:00
15955.389640844196,1605484800,2020-11-16 00:00:00
16054.37171721698,1605398400,2020-11-15 00:00:00
16313.629463692838,1605312000,2020-11-14 00:00:00
16271.273570192432,1605225600,2020-11-13 00:00:00
15684.867031062022,1605139200,2020-11-12 00:00:00
15286.618793872309,1605052800,2020-11-11 00:00:00
15323.156872499008,1604966400,2020-11-10 00:00:00
15472.742858135009,1604880000,2020-11-09 00:00:00
14831.082655548515,1604793600,2020-11-08 00:00:00
15566.268891990643,1604707200,2020-11-07 00:00:00
15590.371918982124,1604620800,2020-11-06 00:00:00
14132.054131147115,1604534400,2020-11-05 00:00:00
13962.822684016413,1604448000,2020-11-04 00:00:00
13565.34353136976,1604361600,2020-11-03 00:00:00
13737.610636297683,1604275200,2020-11-02 00:00:00
13780.37494182639,1604188800,2020-11-01 00:00:00
13552.543755810242,1604102400,2020-10-31 00:00:00
13450.734895525571,1604016000,2020-10-30 00:00:00
13275.164105866645,1603929600,2020-10-29 00:00:00
13663.860503941167,1603843200,2020-10-28 00:00:00
13067.925049306987,1603756800,2020-10-27 00:00:00
13019.799790414221,1603670400,2020-10-26 00:00:00
13112.467763002129,1603584000,2020-10-25 00:00:00
12933.873648790523,1603497600,2020-10-24 00:00:00
12983.72203420033,1603411200,2020-10-23 00:00:00
12818.024027597568,1603324800,2020-10-22 00:00:00
11913.804593513407,1603238400,2020-10-21 00:00:00
11748.67677561826,1603152000,2020-10-20 00:00:00
11499.817856163349,1603065600,2020-10-19 00:00:00
11364.209228620392,1602979200,2020-10-18 00:00:00
11320.693312374147,1602892800,2020-10-17 00:00:00
11496.774436994656,1602806400,2020-10-16 00:00:00
11433.68962767363,1602720000,2020-10-15 00:00:00
11427.180073543022,1602633600,2020-10-14 00:00:00
11537.587858077735,1602547200,2020-10-13 00:00:00
11380.287344170061,1602460800,2020-10-12 00:00:00
11293.490563883923,1602374400,2020-10-11 00:00:00
11068.670982618538,1602288000,2020-10-10 00:00:00
10919.173876509576,1602201600,2020-10-09 00:00:00
10674.198958922034,1602115200,2020-10-08 00:00:00
10608.713962090538,1602028800,2020-10-07 00:00:00
10787.697520763684,1601942400,2020-10-06 00:00:00
10678.881745295714,1601856000,2020-10-05 00:00:00
10553.659780198497,1601769600,2020-10-04 00:00:00
10571.942464796839,1601683200,2020-10-03 00:00:00
10618.702829014584,1601596800,2020-10-02 00:00:00
10778.743711933019,1601510400,2020-10-01 00:00:00
10845.888431947036,1601424000,2020-09-30 00:00:00
10712.376571444513,1601337600,2020-09-29 00:00:00
10775.79501277132,1601251200,2020-09-28 00:00:00
10748.791685751294,1601164800,2020-09-27 00:00:00
10692.332881516015,1601078400,2020-09-26 00:00:00
10736.501579217225,1600992000,2020-09-25 00:00:00
10247.169891020469,1600905600,2020-09-24 00:00:00
10534.868662670862,1600819200,2020-09-23 00:00:00
10448.402124214,1600732800,2020-09-22 00:00:00
10926.13223806507,1600646400,2020-09-21 00:00:00
11091.865772763982,1600560000,2020-09-20 00:00:00
10940.003326844673,1600473600,2020-09-19 00:00:00
10947.762263946615,1600387200,2020-09-18 00:00:00
10969.263557142123,1600300800,2020-09-17 00:00:00
10796.783908089124,1600214400,2020-09-16 00:00:00
10680.752321592672,1600128000,2020-09-15 00:00:00
10326.787224343998,1600041600,2020-09-14 00:00:00
10451.497503402687,1599955200,2020-09-13 00:00:00
10389.132673272448,1599868800,2020-09-12 00:00:00
10356.074165285912,1599782400,2020-09-11 00:00:00
10229.580847242016,1599696000,2020-09-10 00:00:00
10126.950724211547,1599609600,2020-09-09 00:00:00
10365.78835758882,1599523200,2020-09-08 00:00:00
10265.481968853084,1599436800,2020-09-07 00:00:00
10157.104482031591,1599350400,2020-09-06 00:00:00
10480.700766587655,1599264000,2020-09-05 00:00:00
10214.860782812031,1599177600,2020-09-04 00:00:00
11405.686443935414,1599091200,2020-09-03 00:00:00
11914.949933307631,1599004800,2020-09-02 00:00:00
11662.907439681572,1598918400,2020-09-01 00:00:00
11684.756394609147,1598832000,2020-08-31 00:00:00
11490.30169579166,1598745600,2020-08-30 00:00:00
11521.905568069356,1598659200,2020-08-29 00:00:00
11316.047904956404,1598572800,2020-08-28 00:00:00
11471.037856045075,1598486400,2020-08-27 00:00:00
11360.151145550648,1598400000,2020-08-26 00:00:00
11771.226962361041,1598313600,2020-08-25 00:00:00
11667.341813875868,1598227200,2020-08-24 00:00:00
11692.788492268006,1598140800,2020-08-23 00:00:00
11531.646426991556,1598054400,2020-08-22 00:00:00
11869.068548652967,1597968000,2020-08-21 00:00:00
11736.964835177934,1597881600,2020-08-20 00:00:00
11966.670458906212,1597795200,2020-08-19 00:00:00
12287.213359903566,1597708800,2020-08-18 00:00:00
11903.360970816357,1597622400,2020-08-17 00:00:00
11880.43541008052,1597536000,2020-08-16 00:00:00
11756.531021720815,1597449600,2020-08-15 00:00:00
11765.024883143888,1597363200,2020-08-14 00:00:00
11568.965516089344,1597276800,2020-08-13 00:00:00
11391.132366771497,1597190400,2020-08-12 00:00:00
11875.002399330928,1597104000,2020-08-11 00:00:00
11680.510299613601,1597017600,2020-08-10 00:00:00
11736.754779734862,1596931200,2020-08-09 00:00:00
11594.98476213665,1596844800,2020-08-08 00:00:00
11780.243196321988,1596758400,2020-08-07 00:00:00
11728.892795045253,1596672000,2020-08-06 00:00:00
11192.812614003624,1596585600,2020-08-05 00:00:00
11246.913193197639,1596499200,2020-08-04 00:00:00
11082.337481810097,1596412800,2020-08-03 00:00:00
11798.471370595791,1596326400,2020-08-02 00:00:00
11341.535814857187,1596240000,2020-08-01 00:00:00
11115.396881859986,1596153600,2020-07-31 00:00:00
11111.581908636448,1596067200,2020-07-30 00:00:00
10919.488159372222,1595980800,2020-07-29 00:00:00
11009.751298966275,1595894400,2020-07-28 00:00:00
9938.356064269637,1595808000,2020-07-27 00:00:00
9699.332721403734,1595721600,2020-07-26 00:00:00
9545.897736648774,1595635200,2020-07-25 00:00:00
9603.468941976927,1595548800,2020-07-24 00:00:00
9548.760712760766,1595462400,2020-07-23 00:00:00
9415.741514822059,1595376000,2020-07-22 00:00:00
9194.76423289021,1595289600,2020-07-21 00:00:00
9230.954153667857,1595203200,2020-07-20 00:00:00
9207.546616423973,1595116800,2020-07-19 00:00:00
9179.661434362335,1595030400,2020-07-18 00:00:00
9155.572595093421,1594944000,2020-07-17 00:00:00
9225.725093800429,1594857600,2020-07-16 00:00:00
9273.032756241995,1594771200,2020-07-15 00:00:00
9266.825894994434,1594684800,2020-07-14 00:00:00
9325.517830929844,1594598400,2020-07-13 00:00:00
9260.864233766131,1594512000,2020-07-12 00:00:00
9305.917898113823,1594425600,2020-07-11 00:00:00
9262.020474537489,1594339200,2020-07-10 00:00:00
9453.742360885157,1594252800,2020-07-09 00:00:00
9277.820825232231,1594166400,2020-07-08 00:00:00
9359.775179381322,1594080000,2020-07-07 00:00:00
9113.722915131382,1593993600,2020-07-06 00:00:00
9164.902557483229,1593907200,2020-07-05 00:00:00
9100.687400616664,1593820800,2020-07-04 00:00:00
9109.291596189398,1593734400,2020-07-03 00:00:00
9230.534867063074,1593648000,2020-07-02 00:00:00
9153.374408819835,1593561600,2020-07-01 00:00:00
9191.27472179242,1593475200,2020-06-30 00:00:00
9150.33178592713,1593388800,2020-06-29 00:00:00
9031.68391927883,1593302400,2020-06-28 00:00:00
9185.109930333527,1593216000,2020-06-27 00:00:00
9274.901178826069,1593129600,2020-06-26 00:00:00
9292.318069442195,1593043200,2020-06-25 00:00:00
9605.79532135031,1592956800,2020-06-24 00:00:00
9693.543987617228,1592870400,2020-06-23 00:00:00
9311.22593463469,1592784000,2020-06-22 00:00:00
9369.035526625185,1592697600,2020-06-21 00:00:00
9314.705413111375,1592611200,2020-06-20 00:00:00
9414.600573419844,1592524800,2020-06-19 00:00:00
9535.85259583906,1592438400,2020-06-18 00:00:00
9531.1634377669,1592352000,2020-06-17 00:00:00
9432.013402274475,1592265600,2020-06-16 00:00:00
9364.740064218024,1592179200,2020-06-15 00:00:00
9674.444798075656,1592092800,2020-06-14 00:00:00
9600.635149239291,1592006400,2020-06-13 00:00:00
9389.88684076743,1591920000,2020-06-12 00:00:00
10013.247314632763,1591833600,2020-06-11 00:00:00
9915.31153204644,1591747200,2020-06-10 00:00:00
9848.816567273874,1591660800,2020-06-09 00:00:00
9883.370929375664,1591574400,2020-06-08 00:00:00
9843.65307824374,1591488000,2020-06-07 00:00:00
9761.304878039073,1591401600,2020-06-06 00:00:00
9883.434593619622,1591315200,2020-06-05 00:00:00
9777.43689727782,1591228800,2020-06-04 00:00:00
9616.848531880689,1591142400,2020-06-03 00:00:00
10271.465117543217,1591056000,2020-06-02 00:00:00
9469.817905459737,1590969600,2020-06-01 00:00:00
9683.734853524156,1590883200,2020-05-31 00:00:00
9438.536635865117,1590796800,2020-05-30 00:00:00
9562.71037175783,1590710400,2020-05-29 00:00:00
9186.473057565685,1590624000,2020-05-28 00:00:00
8864.63184069322,1590537600,2020-05-27 00:00:00
8879.38392318821,1590451200,2020-05-26 00:00:00
8780.631157259391,1590364800,2020-05-25 00:00:00
9191.453019974428,1590278400,2020-05-24 00:00:00
9174.399517849059,1590192000,2020-05-23 00:00:00
9075.81774683646,1590105600,2020-05-22 00:00:00
9530.436466506106,1590019200,2020-05-21 00:00:00
9772.281083309721,1589932800,2020-05-20 00:00:00
9734.539185091266,1589846400,2020-05-19 00:00:00
9675.734683048722,1589760000,2020-05-18 00:00:00
9375.559889618218,1589673600,2020-05-17 00:00:00
9325.959881193508,1589587200,2020-05-16 00:00:00
9760.08003529163,1589500800,2020-05-15 00:00:00
9275.958207488768,1589414400,2020-05-14 00:00:00
8799.462884524413,1589328000,2020-05-13 00:00:00
8603.426349436575,1589241600,2020-05-12 00:00:00
8760.087406196433,1589155200,2020-05-11 00:00:00
9577.621921329755,1589068800,2020-05-10 00:00:00
9834.656579808438,1588982400,2020-05-09 00:00:00
9947.118993513248,1588896000,2020-05-08 00:00:00
9188.54108008414,1588809600,2020-05-07 00:00:00
8966.431061478883,1588723200,2020-05-06 00:00:00
8887.478279060739,1588636800,2020-05-05 00:00:00
8885.227304830902,1588550400,2020-05-04 00:00:00
8956.347551311585,1588464000,2020-05-03 00:00:00
8832.52086872243,1588377600,2020-05-02 00:00:00
8615.01714671203,1588291200,2020-05-01 00:00:00
8762.8283058749,1588204800,2020-04-30 00:00:00
7764.81200490611,1588118400,2020-04-29 00:00:00
7779.370536994931,1588032000,2020-04-28 00:00:00
7675.51199079209,1587945600,2020-04-27 00:00:00
7520.153426313699,1587859200,2020-04-26 00:00:00
7510.849646558625,1587772800,2020-04-25 00:00:00
7483.938261417149,1587686400,2020-04-24 00:00:00
7114.156036984834,1587600000,2020-04-23 00:00:00
6855.738951531914,1587513600,2020-04-22 00:00:00
6853.389676053706,1587427200,2020-04-21 00:00:00
7140.086358763158,1587340800,2020-04-20 00:00:00
7231.785510034779,1587254400,2020-04-19 00:00:00
7049.984081193382,1587168000,2020-04-18 00:00:00
7095.6736801536235,1587081600,2020-04-17 00:00:00
6635.681821725565,1586995200,2020-04-16 00:00:00
6845.918759364269,1586908800,2020-04-15 00:00:00
6838.368951047439,1586822400,2020-04-14 00:00:00
6970.4974393198545,1586736000,2020-04-13 00:00:00
6860.6366607541595,1586649600,2020-04-12 00:00:00
6870.188203572352,1586563200,2020-04-11 00:00:00
7302.378472151405,1586476800,2020-04-10 00:00:00
7349.780542842488,1586390400,2020-04-09 00:00:00
7200.00023632695,1586304000,2020-04-08 00:00:00
7300.23308829806,1586217600,2020-04-07 00:00:00
6797.478864762814,1586131200,2020-04-06 00:00:00
6868.909758319493,1586044800,2020-04-05 00:00:00
6748.088217272347,1585958400,2020-04-04 00:00:00
6820.009228375848,1585872000,2020-04-03 00:00:00
6648.432118857576,1585785600,2020-04-02 00:00:00
6436.142199964835,1585699200,2020-04-01 00:00:00
6410.750107875249,1585612800,2020-03-31 00:00:00
5915.061523241956,1585526400,2020-03-30 00:00:00
6247.245239396839,1585440000,2020-03-29 00:00:00
6389.302932245919,1585353600,2020-03-28 00:00:00
6728.5345304975035,1585267200,2020-03-27 00:00:00
6697.483700690625,1585180800,2020-03-26 00:00:00
6764.10436964439,1585094400,2020-03-25 00:00:00
6481.774502032936,1585008000,2020-03-24 00:00:00
5845.560325964974,1584921600,2020-03-23 00:00:00
6175.960485110681,1584835200,2020-03-22 00:00:00
6215.0596193755155,1584748800,2020-03-21 00:00:00
6144.196089386522,1584662400,2020-03-20 00:00:00
5295.991236846949,1584576000,2020-03-19 00:00:00
5257.249085231719,1584489600,2020-03-18 00:00:00
5026.416499984713,1584403200,2020-03-17 00:00:00
5371.564387214201,1584316800,2020-03-16 00:00:00
5185.415132740036,1584230400,2020-03-15 00:00:00
5539.1937761909385,1584144000,2020-03-14 00:00:00
4726.950594732893,1584057600,2020-03-13 00:00:00
7943.995836964182,1583971200,2020-03-12 00:00:00
7901.311003095654,1583884800,2020-03-11 00:00:00
7946.318604089243,1583798400,2020-03-10 00:00:00
8048.472469165451,1583712000,2020-03-09 00:00:00
8902.79771749123,1583625600,2020-03-08 00:00:00
9131.929045953468,1583539200,2020-03-07 00:00:00
9062.191465038655,1583452800,2020-03-06 00:00:00
8765.238867154387,1583366400,2020-03-05 00:00:00
8782.207863965039,1583280000,2020-03-04 00:00:00
8901.932726456207,1583193600,2020-03-03 00:00:00
8565.578419344944,1583107200,2020-03-02 00:00:00
8580.916489443673,1583020800,2020-03-01 00:00:00
8702.08404265018,1582934400,2020-02-29 00:00:00
8799.789842172855,1582848000,2020-02-28 00:00:00
8820.886861964353,1582761600,2020-02-27 00:00:00
9342.677134886133,1582675200,2020-02-26 00:00:00
9683.175198814697,1582588800,2020-02-25 00:00:00
9956.434738942427,1582502400,2020-02-24 00:00:00
9689.303121448052,1582416000,2020-02-23 00:00:00
9691.18576866559,1582329600,2020-02-22 00:00:00
9620.538542720422,1582243200,2020-02-21 00:00:00
9626.760175087617,1582156800,2020-02-20 00:00:00
10159.614139781406,1582070400,2020-02-19 00:00:00
9714.53802442625,1581984000,2020-02-18 00:00:00
9957.548191282694,1581897600,2020-02-17 00:00:00
9901.756137453112,1581811200,2020-02-16 00:00:00
10341.596344744825,1581724800,2020-02-15 00:00:00
10240.118717943576,1581638400,2020-02-14 00:00:00
10364.598110748522,1581552000,2020-02-13 00:00:00
10251.356260645078,1581465600,2020-02-12 00:00:00
9872.806062665348,1581379200,2020-02-11 00:00:00
10087.395889273766,1581292800,2020-02-10 00:00:00
9901.963100602017,1581206400,2020-02-09 00:00:00
9811.940856466803,1581120000,2020-02-08 00:00:00
9790.768976994463,1581033600,2020-02-07 00:00:00
9621.603878909928,1580947200,2020-02-06 00:00:00
9202.581502549652,1580860800,2020-02-05 00:00:00
9304.288918676295,1580774400,2020-02-04 00:00:00
9281.506726660626,1580688000,2020-02-03 00:00:00
9278.647019919521,1580601600,2020-02-02 00:00:00
9265.770741789142,1580515200,2020-02-01 00:00:00
9449.66379300291,1580428800,2020-01-31 00:00:00
9263.231826003213,1580342400,2020-01-30 00:00:00
9342.447490924525,1580256000,2020-01-29 00:00:00
8884.076267229126,1580169600,2020-01-28 00:00:00
8555.405415389965,1580083200,2020-01-27 00:00:00
8342.292042695402,1579996800,2020-01-26 00:00:00
8402.522117254017,1579910400,2020-01-25 00:00:00
8385.74437554436,1579824000,2020-01-24 00:00:00
8661.826616632414,1579737600,2020-01-23 00:00:00
8721.655496778056,1579651200,2020-01-22 00:00:00
8644.053955952768,1579564800,2020-01-21 00:00:00
8699.408120296486,1579478400,2020-01-20 00:00:00
8936.11099174076,1579392000,2020-01-19 00:00:00
8917.134817205708,1579305600,2020-01-18 00:00:00
8709.710412797045,1579219200,2020-01-17 00:00:00
8757.210038713582,1579132800,2020-01-16 00:00:00
8784.491189826951,1579046400,2020-01-15 00:00:00
8130.546137800312,1578960000,2020-01-14 00:00:00
8166.352302814133,1578873600,2020-01-13 00:00:00
8030.018034235551,1578787200,2020-01-12 00:00:00
8127.264516896255,1578700800,2020-01-11 00:00:00
7874.443770339185,1578614400,2020-01-10 00:00:00
8084.364816039508,1578528000,2020-01-09 00:00:00
8204.2759438924,1578441600,2020-01-08 00:00:00
7773.0645828263305,1578355200,2020-01-07 00:00:00
7386.17976517341,1578268800,2020-01-06 00:00:00
7379.55621003567,1578182400,2020-01-05 00:00:00
7363.473036136218,1578096000,2020-01-04 00:00:00
7002.932127127578,1578009600,2020-01-03 00:00:00
7221.126851919723,1577923200,2020-01-02 00:00:00
7189.134570972831,1577836800,2020-01-01 00:00:00
7236.307629954749,1577750400,2019-12-31 00:00:00
7414.070599763404,1577664000,2019-12-30 00:00:00
7316.426679250386,1577577600,2019-12-29 00:00:00
7280.2024052413535,1577491200,2019-12-28 00:00:00
7240.982432657806,1577404800,2019-12-27 00:00:00
7233.481030897536,1577318400,2019-12-26 00:00:00
7318.994276893451,1577232000,2019-12-25 00:00:00
7382.173052901835,1577145600,2019-12-24 00:00:00
7512.828045434855,1577059200,2019-12-23 00:00:00
7233.987533106829,1576972800,2019-12-22 00:00:00
7273.441609962334,1576886400,2019-12-21 00:00:00
7232.825359611039,1576800000,2019-12-20 00:00:00
7360.940655894419,1576713600,2019-12-19 00:00:00
6698.308364434016,1576627200,2019-12-18 00:00:00
6949.001284996725,1576540800,2019-12-17 00:00:00
7155.9958570609115,1576454400,2019-12-16 00:00:00
7116.784325875612,1576368000,2019-12-15 00:00:00
7280.986265001978,1576281600,2019-12-14 00:00:00
7241.179147060811,1576195200,2019-12-13 00:00:00
7228.513714756794,1576108800,2019-12-12 00:00:00
7287.830423067741,1576022400,2019-12-11 00:00:00
7391.116522241441,1575936000,2019-12-10 00:00:00
7574.995976672856,1575849600,2019-12-09 00:00:00
7559.937899535803,1575763200,2019-12-08 00:00:00
7590.987379832492,1575676800,2019-12-07 00:00:00
7516.050659646468,1575590400,2019-12-06 00:00:00
7381.2932796825025,1575504000,2019-12-05 00:00:00
7387.108693195305,1575417600,2019-12-04 00:00:00
7371.5342034958985,1575331200,2019-12-03 00:00:00
7442.172106310937,1575244800,2019-12-02 00:00:00
7590.136674047397,1575158400,2019-12-01 00:00:00
7780.484578745868,1575072000,2019-11-30 00:00:00
7485.6889628748095,1574985600,2019-11-29 00:00:00
7576.782052268474,1574899200,2019-11-28 00:00:00
7200.260930815943,1574812800,2019-11-27 00:00:00
7195.1631263343525,1574726400,2019-11-26 00:00:00
6986.148801850144,1574640000,2019-11-25 00:00:00
7375.633990855644,1574553600,2019-11-24 00:00:00
7381.892548968966,1574467200,2019-11-23 00:00:00
7762.000076859603,1574380800,2019-11-22 00:00:00
8130.882041911556,1574294400,2019-11-21 00:00:00
8216.613243293317,1574208000,2019-11-20 00:00:00
8293.117617130349,1574121600,2019-11-19 00:00:00
8543.079740319728,1574035200,2019-11-18 00:00:00
8511.538953392588,1573948800,2019-11-17 00:00:00
8511.124445378433,1573862400,2019-11-16 00:00:00
8691.593818720143,1573776000,2019-11-15 00:00:00
8819.45489039033,1573689600,2019-11-14 00:00:00
8874.679069098032,1573603200,2019-11-13 00:00:00
8757.885309728976,1573516800,2019-11-12 00:00:00
9073.270768413007,1573430400,2019-11-11 00:00:00
8862.270595447513,1573344000,2019-11-10 00:00:00
8839.474321624004,1573257600,2019-11-09 00:00:00
9257.752871010083,1573171200,2019-11-08 00:00:00
9381.29821649138,1573084800,2019-11-07 00:00:00
9351.994760822514,1572998400,2019-11-06 00:00:00
9420.66316856462,1572912000,2019-11-05 00:00:00
9211.407120248517,1572825600,2019-11-04 00:00:00
9323.653457910463,1572739200,2019-11-03 00:00:00
9228.933736100602,1572652800,2019-11-02 00:00:00
9144.849948323803,1572566400,2019-11-01 00:00:00
9155.620019367674,1572480000,2019-10-31 00:00:00
9376.138929483224,1572393600,2019-10-30 00:00:00
9217.412368561938,1572307200,2019-10-29 00:00:00
9529.699841354086,1572220800,2019-10-28 00:00:00
9184.414537630531,1572134400,2019-10-27 00:00:00
8666.479664937146,1572048000,2019-10-26 00:00:00
7525.118547645934,1571961600,2019-10-25 00:00:00
7544.580127810308,1571875200,2019-10-24 00:00:00
8162.15405096938,1571788800,2019-10-23 00:00:00
8237.211168171525,1571702400,2019-10-22 00:00:00
8245.316204599452,1571616000,2019-10-21 00:00:00
8051.267701062118,1571529600,2019-10-20 00:00:00
8058.447294217352,1571443200,2019-10-19 00:00:00
8127.017648663809,1571356800,2019-10-18 00:00:00
8121.387384740674,1571270400,2019-10-17 00:00:00
8181.052380203014,1571184000,2019-10-16 00:00:00
8270.237886519479,1571097600,2019-10-15 00:00:00
8321.292708774432,1571011200,2019-10-14 00:00:00
8333.683666111445,1570924800,2019-10-13 00:00:00
8306.73836955563,1570838400,2019-10-12 00:00:00
8550.631165583583,1570752000,2019-10-11 00:00:00
8592.368386129647,1570665600,2019-10-10 00:00:00
8211.062521261985,1570579200,2019-10-09 00:00:00
8271.639649782646,1570492800,2019-10-08 00:00:00
7928.44578240569,1570406400,2019-10-07 00:00:00
8174.334411857142,1570320000,2019-10-06 00:00:00
8227.176870364137,1570233600,2019-10-05 00:00:00
8332.00997248634,1570147200,2019-10-04 00:00:00
8465.030010803286,1570060800,2019-10-03 00:00:00
8404.33434795448,1569974400,2019-10-02 00:00:00
8292.019186389069,1569888000,2019-10-01 00:00:00
8107.140292921643,1569801600,2019-09-30 00:00:00
8269.087806214355,1569715200,2019-09-29 00:00:00
8229.134873971954,1569628800,2019-09-28 00:00:00
8143.746935948454,1569542400,2019-09-27 00:00:00
8483.822555155997,1569456000,2019-09-26 00:00:00
8784.01119949417,1569369600,2019-09-25 00:00:00
9705.250385114456,1569283200,2019-09-24 00:00:00
10044.510526341588,1569196800,2019-09-23 00:00:00
10027.593745842954,1569110400,2019-09-22 00:00:00
10161.977832522149,1569024000,2019-09-21 00:00:00
10258.78554394418,1568937600,2019-09-20 00:00:00
10197.903932015512,1568851200,2019-09-19 00:00:00
10169.317611217703,1568764800,2019-09-18 00:00:00
10237.544045001616,1568678400,2019-09-17 00:00:00
10230.203870601414,1568592000,2019-09-16 00:00:00
10241.457172350092,1568505600,2019-09-15 00:00:00
10199.677419158075,1568419200,2019-09-14 00:00:00
10365.173915927104,1568332800,2019-09-13 00:00:00
10042.236590701488,1568246400,2019-09-12 00:00:00
10005.999720435428,1568160000,2019-09-11 00:00:00
10275.63804551263,1568073600,2019-09-10 00:00:00
10352.695400898167,1567987200,2019-09-09 00:00:00
10428.899816023382,1567900800,2019-09-08 00:00:00
10301.112120393469,1567814400,2019-09-07 00:00:00
10510.385276075831,1567728000,2019-09-06 00:00:00
10483.525200766837,1567641600,2019-09-05 00:00:00
10635.53123271408,1567555200,2019-09-04 00:00:00
10334.03872457593,1567468800,2019-09-03 00:00:00
9752.970196916482,1567382400,2019-09-02 00:00:00
9597.77491525721,1567296000,2019-09-01 00:00:00
9602.464742643691,1567209600,2019-08-31 00:00:00
9525.95426454977,1567123200,2019-08-30 00:00:00
9766.750656294604,1567036800,2019-08-29 00:00:00
10133.396771254529,1566950400,2019-08-28 00:00:00
10325.306444154916,1566864000,2019-08-27 00:00:00
10117.991302573802,1566777600,2019-08-26 00:00:00
10119.822121430449,1566691200,2019-08-25 00:00:00
10415.63880936052,1566604800,2019-08-24 00:00:00
10113.998598809663,1566518400,2019-08-23 00:00:00
10123.838258817434,1566432000,2019-08-22 00:00:00
10742.99970590813,1566345600,2019-08-21 00:00:00
10881.205783558771,1566259200,2019-08-20 00:00:00
10351.307964263284,1566172800,2019-08-19 00:00:00
10268.849603759534,1566086400,2019-08-18 00:00:00
10349.327448203512,1566000000,2019-08-17 00:00:00
10270.071225584335,1565913600,2019-08-16 00:00:00
10037.217323948737,1565827200,2019-08-15 00:00:00
10808.44266756204,1565740800,2019-08-14 00:00:00
11290.433498106464,1565654400,2019-08-13 00:00:00
11384.035318084569,1565568000,2019-08-12 00:00:00
11222.768942885332,1565481600,2019-08-11 00:00:00
11673.282592523557,1565395200,2019-08-10 00:00:00
11800.61039966009,1565308800,2019-08-09 00:00:00
11800.264563101482,1565222400,2019-08-08 00:00:00
11345.690233963609,1565136000,2019-08-07 00:00:00
11596.241659682682,1565049600,2019-08-06 00:00:00
10968.8167586191,1564963200,2019-08-05 00:00:00
10787.474915008012,1564876800,2019-08-04 00:00:00
10467.904614868721,1564790400,2019-08-03 00:00:00
10376.89522568956,1564704000,2019-08-02 00:00:00
10024.704246516476,1564617600,2019-08-01 00:00:00
9527.351891246111,1564531200,2019-07-31 00:00:00
9538.890672584796,1564444800,2019-07-30 00:00:00
9578.799899361216,1564358400,2019-07-29 00:00:00
9488.193359265297,1564272000,2019-07-28 00:00:00
9829.030590116483,1564185600,2019-07-27 00:00:00
9881.162994644324,1564099200,2019-07-26 00:00:00
9823.180928723967,1564012800,2019-07-25 00:00:00
9839.674169413169,1563926400,2019-07-24 00:00:00
10309.646444455364,1563840000,2019-07-23 00:00:00
10492.741521810982,1563753600,2019-07-22 00:00:00
10673.226839686355,1563667200,2019-07-21 00:00:00
10452.665510244216,1563580800,2019-07-20 00:00:00
10684.284979735074,1563494400,2019-07-19 00:00:00
9648.267878414252,1563408000,2019-07-18 00:00:00
9473.424551376456,1563321600,2019-07-17 00:00:00
10893.71722386724,1563235200,2019-07-16 00:00:00
10415.772640792262,1563148800,2019-07-15 00:00:00
11373.25658758518,1563062400,2019-07-14 00:00:00
11721.539205453351,1562976000,2019-07-13 00:00:00
11353.249191255916,1562889600,2019-07-12 00:00:00
12007.13634374133,1562803200,2019-07-11 00:00:00
12389.784462580037,1562716800,2019-07-10 00:00:00
12107.1887385664,1562630400,2019-07-09 00:00:00
11329.61809648661,1562544000,2019-07-08 00:00:00
11128.197033541295,1562457600,2019-07-07 00:00:00
10917.425194251635,1562371200,2019-07-06 00:00:00
11096.417597437943,1562284800,2019-07-05 00:00:00
11716.003306988732,1562198400,2019-07-04 00:00:00
10674.67249740111,1562112000,2019-07-03 00:00:00
10518.663301138027,1562025600,2019-07-02 00:00:00
10816.331036262904,1561939200,2019-07-01 00:00:00
11784.317202883192,1561852800,2019-06-30 00:00:00
12234.36527061718,1561766400,2019-06-29 00:00:00
10998.121406639555,1561680000,2019-06-28 00:00:00
12752.8871264213,1561593600,2019-06-27 00:00:00
11486.710745734019,1561507200,2019-06-26 00:00:00
10775.327548019332,1561420800,2019-06-25 00:00:00
10639.075700363313,1561334400,2019-06-24 00:00:00
10382.190235815051,1561248000,2019-06-23 00:00:00
9937.537133135826,1561161600,2019-06-22 00:00:00
9443.427423912832,1561075200,2019-06-21 00:00:00
9188.87194482249,1560988800,2019-06-20 00:00:00
8989.29686077783,1560902400,2019-06-19 00:00:00
9219.65901554805,1560816000,2019-06-18 00:00:00
8867.877373796016,1560729600,2019-06-17 00:00:00
8693.520038335626,1560643200,2019-06-16 00:00:00
8615.684783216455,1560556800,2019-06-15 00:00:00
8154.197787669602,1560470400,2019-06-14 00:00:00
8039.15154747688,1560384000,2019-06-13 00:00:00
7840.893748821582,1560297600,2019-06-12 00:00:00
7954.561657504112,1560211200,2019-06-11 00:00:00
7651.793381122788,1560124800,2019-06-10 00:00:00
7943.748482729395,1560038400,2019-06-09 00:00:00
7970.047342614378,1559952000,2019-06-08 00:00:00
7773.967313866641,1559865600,2019-06-07 00:00:00
7779.122476384362,1559779200,2019-06-06 00:00:00
7653.462870181748,1559692800,2019-06-05 00:00:00
8158.347388285591,1559606400,2019-06-04 00:00:00
8675.287950802576,1559520000,2019-06-03 00:00:00
8499.51224831569,1559433600,2019-06-02 00:00:00
8507.915654750552,1559347200,2019-06-01 00:00:00
8234.367275290992,1559260800,2019-05-31 00:00:00
8595.871390570435,1559174400,2019-05-30 00:00:00
8616.062858679383,1559088000,2019-05-29 00:00:00
8675.292838709245,1559001600,2019-05-28 00:00:00
8569.779164758236,1558915200,2019-05-27 00:00:00
7931.091738840661,1558828800,2019-05-26 00:00:00
7892.613041569765,1558742400,2019-05-25 00:00:00
7839.008717977535,1558656000,2019-05-24 00:00:00
7685.66622779433,1558569600,2019-05-23 00:00:00
7897.041553224303,1558483200,2019-05-22 00:00:00
7944.376645991922,1558396800,2019-05-21 00:00:00
8102.635191098133,1558310400,2019-05-20 00:00:00
7228.502376695706,1558224000,2019-05-19 00:00:00
7274.124375163903,1558137600,2019-05-18 00:00:00
7757.35708824431,1558051200,2019-05-17 00:00:00
8079.338476309843,1557964800,2019-05-16 00:00:00
7887.368770641243,1557878400,2019-05-15 00:00:00
7664.011274387491,1557792000,2019-05-14 00:00:00
6908.57954825108,1557705600,2019-05-13 00:00:00
7070.088781707348,1557619200,2019-05-12 00:00:00
6346.205539773861,1557532800,2019-05-11 00:00:00
6091.732299973602,1557446400,2019-05-10 00:00:00
5892.778792256267,1557360000,2019-05-09 00:00:00
5775.48986185921,1557273600,2019-05-08 00:00:00
5646.082901747762,1557187200,2019-05-07 00:00:00
5702.863807789518,1557100800,2019-05-06 00:00:00
5725.700992694434,1557014400,2019-05-05 00:00:00
5593.966881629964,1556928000,2019-05-04 00:00:00
5414.141518517845,1556841600,2019-05-03 00:00:00
5306.13314585669,1556755200,2019-05-02 00:00:00
5268.373071703814,1556668800,2019-05-01 00:00:00
5178.282599106786,1556582400,2019-04-30 00:00:00
5197.384861609597,1556496000,2019-04-29 00:00:00
5225.324638505647,1556409600,2019-04-28 00:00:00
5204.165206670122,1556323200,2019-04-27 00:00:00
5216.847696644308,1556236800,2019-04-26 00:00:00
5405.933778168772,1556150400,2019-04-25 00:00:00
5529.761833168603,1556064000,2019-04-24 00:00:00
5334.242062428904,1555977600,2019-04-23 00:00:00
5240.70532957056,1555891200,2019-04-22 00:00:00
5287.521145162733,1555804800,2019-04-21 00:00:00
5223.061698414082,1555718400,2019-04-20 00:00:00
5279.096951176686,1555632000,2019-04-19 00:00:00
5226.302366840589,1555545600,2019-04-18 00:00:00
5202.446830437994,1555459200,2019-04-17 00:00:00
5043.772910824731,1555372800,2019-04-16 00:00:00
5148.343270348583,1555286400,2019-04-15 00:00:00
5074.133507900572,1555200000,2019-04-14 00:00:00
5071.444688723201,1555113600,2019-04-13 00:00:00
5044.33605465363,1555027200,2019-04-12 00:00:00
5308.274363304072,1554940800,2019-04-11 00:00:00
5183.737304896689,1554854400,2019-04-10 00:00:00
5270.362306632786,1554768000,2019-04-09 00:00:00
5195.342344229754,1554681600,2019-04-08 00:00:00
5047.286823285984,1554595200,2019-04-07 00:00:00
5022.096636022645,1554508800,2019-04-06 00:00:00
4911.97182225848,1554422400,2019-04-05 00:00:00
4956.1116950133,1554336000,2019-04-04 00:00:00
4834.41317751786,1554249600,2019-04-03 00:00:00
4176.7430246259855,1554163200,2019-04-02 00:00:00
4122.255978694677,1554076800,2019-04-01 00:00:00
4175.461436812447,1553990400,2019-03-31 00:00:00
4122.7894426117555,1553904000,2019-03-30 00:00:00
4064.748271040363,1553817600,2019-03-29 00:00:00
4087.6159474266788,1553731200,2019-03-28 00:00:00
3990.6444291911175,1553644800,2019-03-27 00:00:00
3958.0808365966054,1553558400,2019-03-26 00:00:00
4025.824365823096,1553472000,2019-03-25 00:00:00
4050.2073564455413,1553385600,2019-03-24 00:00:00
4029.4854064320803,1553299200,2019-03-23 00:00:00
4027.544515731774,1553212800,2019-03-22 00:00:00
4083.9957195891648,1553126400,2019-03-21 00:00:00
4060.294454260301,1553040000,2019-03-20 00:00:00
4030.1876072672203,1552953600,2019-03-19 00:00:00
4029.0410489675455,1552867200,2019-03-18 00:00:00
4050.1685168507624,1552780800,2019-03-17 00:00:00
3962.5743411166445,1552694400,2019-03-16 00:00:00
3923.8869196695173,1552608000,2019-03-15 00:00:00
3907.1079074354143,1552521600,2019-03-14 00:00:00
3937.460930728626,1552435200,2019-03-13 00:00:00
3915.039812952659,1552348800,2019-03-12 00:00:00
3977.953415304607,1552262400,2019-03-11 00:00:00
3988.33448693999,1552176000,2019-03-10 00:00:00
4036.2938241992565,1552089600,2019-03-09 00:00:00
3959.999162944259,1552003200,2019-03-08 00:00:00
3943.282686299161,1551916800,2019-03-07 00:00:00
3948.2473947508024,1551830400,2019-03-06 00:00:00
3804.3161600857993,1551744000,2019-03-05 00:00:00
3879.058978721403,1551657600,2019-03-04 00:00:00
3921.5484458193864,1551571200,2019-03-03 00:00:00
3901.6521363171,1551484800,2019-03-02 00:00:00
3882.6761569041287,1551398400,2019-03-01 00:00:00
3849.702097148274,1551312000,2019-02-28 00:00:00
3886.5109291947138,1551225600,2019-02-27 00:00:00
3918.559353848577,1551139200,2019-02-26 00:00:00
3799.2197615721457,1551052800,2019-02-25 00:00:00
4192.528745447936,1550966400,2019-02-24 00:00:00
4029.5764046042677,1550880000,2019-02-23 00:00:00
3981.3203237822427,1550793600,2019-02-22 00:00:00
4032.2256963143,1550707200,2019-02-21 00:00:00
3963.2179050805926,1550620800,2019-02-20 00:00:00
3945.4338869665576,1550534400,2019-02-19 00:00:00
3706.335364126304,1550448000,2019-02-18 00:00:00
3637.397447961578,1550361600,2019-02-17 00:00:00
3634.125247185461,1550275200,2019-02-16 00:00:00
3619.537958950833,1550188800,2019-02-15 00:00:00
3625.3278566388562,1550102400,2019-02-14 00:00:00
3640.318342222856,1550016000,2019-02-13 00:00:00
3624.365291174352,1549929600,2019-02-12 00:00:00
3696.841741853364,1549843200,2019-02-11 00:00:00
3667.2550640900054,1549756800,2019-02-10 00:00:00
3668.4410451972008,1549670400,2019-02-09 00:00:00
3383.247961249562,1549584000,2019-02-08 00:00:00
3407.9795346322535,1549497600,2019-02-07 00:00:00
3465.4987691329056,1549411200,2019-02-06 00:00:00
3447.4180810152297,1549324800,2019-02-05 00:00:00
3456.622056513559,1549238400,2019-02-04 00:00:00
3499.95437374275,1549152000,2019-02-03 00:00:00
3480.2057094545908,1549065600,2019-02-02 00:00:00
3442.0708140403685,1548979200,2019-02-01 00:00:00
3476.4219237515695,1548892800,2019-01-31 00:00:00
3427.4525547456637,1548806400,2019-01-30 00:00:00
3463.5983010362606,1548720000,2019-01-29 00:00:00
3566.5078535025145,1548633600,2019-01-28 00:00:00
3581.579819250441,1548547200,2019-01-27 00:00:00
3589.9561277580974,1548460800,2019-01-26 00:00:00
3606.1968435504896,1548374400,2019-01-25 00:00:00
3584.998798453789,1548288000,2019-01-24 00:00:00
3588.7799024507917,1548201600,2019-01-23 00:00:00
3538.7951221088606,1548115200,2019-01-22 00:00:00
3545.1334100650774,1548028800,2019-01-21 00:00:00
3702.429154240642,1547942400,2019-01-20 00:00:00
3615.4273085878995,1547856000,2019-01-19 00:00:00
3648.8827651484085,1547769600,2019-01-18 00:00:00
3615.551991944175,1547683200,2019-01-17 00:00:00
3592.8773085305525,1547596800,2019-01-16 00:00:00
3678.3045352368517,1547510400,2019-01-15 00:00:00
3521.146687387095,1547424000,2019-01-14 00:00:00
3627.8137301123534,1547337600,2019-01-13 00:00:00
3644.575316433987,1547251200,2019-01-12 00:00:00
3640.912717944602,1547164800,2019-01-11 00:00:00
4020.6147771631277,1547078400,2019-01-10 00:00:00
4009.5284659874633,1546992000,2019-01-09 00:00:00
4017.9668885987126,1546905600,2019-01-08 00:00:00
4067.6401164201334,1546819200,2019-01-07 00:00:00
3816.8016712050294,1546732800,2019-01-06 00:00:00
3845.992306984649,1546646400,2019-01-05 00:00:00
3807.574264663811,1546560000,2019-01-04 00:00:00
3919.3931051227846,1546473600,2019-01-03 00:00:00
3841.2062970735474,1546387200,2019-01-02 00:00:00
3713.7228423187007,1546300800,2019-01-01 00:00:00
3851.5036750929025,1546214400,2018-12-31 00:00:00
3750.4334074470594,1546128000,2018-12-30 00:00:00
3923.1751992708882,1546041600,2018-12-29 00:00:00
3612.3470334180465,1545955200,2018-12-28 00:00:00
3826.912691672819,1545868800,2018-12-27 00:00:00
3794.9436945179855,1545782400,2018-12-26 00:00:00
4056.464789713905,1545696000,2018-12-25 00:00:00
3966.7468950296593,1545609600,2018-12-24 00:00:00
3991.9812858088985,1545523200,2018-12-23 00:00:00
3857.814607517894,1545436800,2018-12-22 00:00:00
4096.936346748643,1545350400,2018-12-21 00:00:00
3702.0378222336276,1545264000,2018-12-20 00:00:00
3677.6366188037273,1545177600,2018-12-19 00:00:00
3520.8921287087055,1545091200,2018-12-18 00:00:00
3209.9328841677443,1545004800,2018-12-17 00:00:00
3202.4515056092587,1544918400,2018-12-16 00:00:00
3207.251520725388,1544832000,2018-12-15 00:00:00
3275.6334674049904,1544745600,2018-12-14 00:00:00
3452.279382551187,1544659200,2018-12-13 00:00:00
3363.6958624744584,1544572800,2018-12-12 00:00:00
3425.613144453251,1544486400,2018-12-11 00:00:00
3552.3135333410214,1544400000,2018-12-10 00:00:00
3416.497804584639,1544313600,2018-12-09 00:00:00
3393.6538979097554,1544227200,2018-12-08 00:00:00
3465.0264047253017,1544140800,2018-12-07 00:00:00
3702.2771009860803,1544054400,2018-12-06 00:00:00
3920.527527766123,1543968000,2018-12-05 00:00:00
3864.5361308390006,1543881600,2018-12-04 00:00:00
4099.181989822091,1543795200,2018-12-03 00:00:00
4162.220833386356,1543708800,2018-12-02 00:00:00
3990.125347324999,1543622400,2018-12-01 00:00:00
4088.5318252298525,1543536000,2018-11-30 00:00:00
3750.1388395151857,1543449600,2018-11-29 00:00:00
